[0.224s] DEBUG:colcon:Command line arguments: ['/usr/bin/colcon', 'build']
[0.225s] DEBUG:colcon:Parsed command line arguments: Namespace(log_base=None, log_level=None, verb_name='build', build_base='build', install_base='install', merge_install=False, symlink_install=False, test_result_base=None, continue_on_error=False, executor='parallel', parallel_workers=8, event_handlers=None, ignore_user_meta=False, metas=['./colcon.meta'], base_paths=['.'], packages_ignore=None, packages_ignore_regex=None, paths=None, packages_up_to=None, packages_up_to_regex=None, packages_above=None, packages_above_and_dependencies=None, packages_above_depth=None, packages_select_by_dep=None, packages_skip_by_dep=None, packages_skip_up_to=None, packages_select_build_failed=False, packages_skip_build_finished=False, packages_select_test_failures=False, packages_skip_test_passed=False, packages_select=None, packages_skip=None, packages_select_regex=None, packages_skip_regex=None, packages_start=None, packages_end=None, allow_overriding=[], cmake_args=None, cmake_target=None, cmake_target_skip_unavailable=False, cmake_clean_cache=False, cmake_clean_first=False, cmake_force_configure=False, ament_cmake_args=None, catkin_cmake_args=None, catkin_skip_building_tests=False, mixin_files=None, mixin=None, verb_parser=<colcon_mixin.mixin.mixin_argument.MixinArgumentDecorator object at 0xffff9b925150>, verb_extension=<colcon_core.verb.build.BuildVerb object at 0xffff9b924b80>, main=<bound method BuildVerb.main of <colcon_core.verb.build.BuildVerb object at 0xffff9b924b80>>, mixin_verb=('build',))
[0.596s] Level 1:colcon.colcon_core.package_discovery:discover_packages(colcon_meta) check parameters
[0.596s] Level 1:colcon.colcon_core.package_discovery:discover_packages(recursive) check parameters
[0.596s] Level 1:colcon.colcon_core.package_discovery:discover_packages(ignore) check parameters
[0.596s] Level 1:colcon.colcon_core.package_discovery:discover_packages(path) check parameters
[0.596s] Level 1:colcon.colcon_core.package_discovery:discover_packages(colcon_meta) discover
[0.597s] Level 1:colcon.colcon_core.package_discovery:discover_packages(recursive) discover
[0.597s] INFO:colcon.colcon_core.package_discovery:Crawling recursively for packages in '/home/nvidia/rby1_ros2_ws/rby1-ros2'
[0.597s] Level 1:colcon.colcon_core.package_identification:_identify(.) by extensions ['ignore', 'ignore_ament_install']
[0.597s] Level 1:colcon.colcon_core.package_identification:_identify(.) by extension 'ignore'
[0.597s] Level 1:colcon.colcon_core.package_identification:_identify(.) by extension 'ignore_ament_install'
[0.597s] Level 1:colcon.colcon_core.package_identification:_identify(.) by extensions ['colcon_pkg']
[0.598s] Level 1:colcon.colcon_core.package_identification:_identify(.) by extension 'colcon_pkg'
[0.598s] Level 1:colcon.colcon_core.package_identification:_identify(.) by extensions ['colcon_meta']
[0.598s] Level 1:colcon.colcon_core.package_identification:_identify(.) by extension 'colcon_meta'
[0.598s] Level 1:colcon.colcon_core.package_identification:_identify(.) by extensions ['ros']
[0.598s] Level 1:colcon.colcon_core.package_identification:_identify(.) by extension 'ros'
[0.619s] Level 1:colcon.colcon_core.package_identification:_identify(.) by extensions ['cmake', 'python']
[0.619s] Level 1:colcon.colcon_core.package_identification:_identify(.) by extension 'cmake'
[0.619s] Level 1:colcon.colcon_core.package_identification:_identify(.) by extension 'python'
[0.619s] Level 1:colcon.colcon_core.package_identification:_identify(.) by extensions ['python_setup_py']
[0.619s] Level 1:colcon.colcon_core.package_identification:_identify(.) by extension 'python_setup_py'
[0.620s] Level 1:colcon.colcon_core.package_identification:_identify(build) by extensions ['ignore', 'ignore_ament_install']
[0.620s] Level 1:colcon.colcon_core.package_identification:_identify(build) by extension 'ignore'
[0.620s] Level 1:colcon.colcon_core.package_identification:_identify(build) ignored
[0.620s] Level 1:colcon.colcon_core.package_identification:_identify(install) by extensions ['ignore', 'ignore_ament_install']
[0.620s] Level 1:colcon.colcon_core.package_identification:_identify(install) by extension 'ignore'
[0.620s] Level 1:colcon.colcon_core.package_identification:_identify(install) ignored
[0.621s] Level 1:colcon.colcon_core.package_identification:_identify(log) by extensions ['ignore', 'ignore_ament_install']
[0.621s] Level 1:colcon.colcon_core.package_identification:_identify(log) by extension 'ignore'
[0.621s] Level 1:colcon.colcon_core.package_identification:_identify(log) ignored
[0.621s] Level 1:colcon.colcon_core.package_identification:_identify(rby1_bringup) by extensions ['ignore', 'ignore_ament_install']
[0.621s] Level 1:colcon.colcon_core.package_identification:_identify(rby1_bringup) by extension 'ignore'
[0.621s] Level 1:colcon.colcon_core.package_identification:_identify(rby1_bringup) by extension 'ignore_ament_install'
[0.621s] Level 1:colcon.colcon_core.package_identification:_identify(rby1_bringup) by extensions ['colcon_pkg']
[0.621s] Level 1:colcon.colcon_core.package_identification:_identify(rby1_bringup) by extension 'colcon_pkg'
[0.622s] Level 1:colcon.colcon_core.package_identification:_identify(rby1_bringup) by extensions ['colcon_meta']
[0.622s] Level 1:colcon.colcon_core.package_identification:_identify(rby1_bringup) by extension 'colcon_meta'
[0.622s] Level 1:colcon.colcon_core.package_identification:_identify(rby1_bringup) by extensions ['ros']
[0.622s] Level 1:colcon.colcon_core.package_identification:_identify(rby1_bringup) by extension 'ros'
[0.629s] DEBUG:colcon.colcon_core.package_identification:Package 'rby1_bringup' with type 'ros.ament_cmake' and name 'rby1_bringup'
[0.629s] Level 1:colcon.colcon_core.package_identification:_identify(rby1_description) by extensions ['ignore', 'ignore_ament_install']
[0.629s] Level 1:colcon.colcon_core.package_identification:_identify(rby1_description) by extension 'ignore'
[0.629s] Level 1:colcon.colcon_core.package_identification:_identify(rby1_description) by extension 'ignore_ament_install'
[0.629s] Level 1:colcon.colcon_core.package_identification:_identify(rby1_description) by extensions ['colcon_pkg']
[0.630s] Level 1:colcon.colcon_core.package_identification:_identify(rby1_description) by extension 'colcon_pkg'
[0.630s] Level 1:colcon.colcon_core.package_identification:_identify(rby1_description) by extensions ['colcon_meta']
[0.630s] Level 1:colcon.colcon_core.package_identification:_identify(rby1_description) by extension 'colcon_meta'
[0.630s] Level 1:colcon.colcon_core.package_identification:_identify(rby1_description) by extensions ['ros']
[0.630s] Level 1:colcon.colcon_core.package_identification:_identify(rby1_description) by extension 'ros'
[0.631s] DEBUG:colcon.colcon_core.package_identification:Package 'rby1_description' with type 'ros.ament_cmake' and name 'rby1_description'
[0.631s] Level 1:colcon.colcon_core.package_identification:_identify(rby1_hardware) by extensions ['ignore', 'ignore_ament_install']
[0.631s] Level 1:colcon.colcon_core.package_identification:_identify(rby1_hardware) by extension 'ignore'
[0.631s] Level 1:colcon.colcon_core.package_identification:_identify(rby1_hardware) by extension 'ignore_ament_install'
[0.631s] Level 1:colcon.colcon_core.package_identification:_identify(rby1_hardware) by extensions ['colcon_pkg']
[0.631s] Level 1:colcon.colcon_core.package_identification:_identify(rby1_hardware) by extension 'colcon_pkg'
[0.631s] Level 1:colcon.colcon_core.package_identification:_identify(rby1_hardware) by extensions ['colcon_meta']
[0.632s] Level 1:colcon.colcon_core.package_identification:_identify(rby1_hardware) by extension 'colcon_meta'
[0.632s] Level 1:colcon.colcon_core.package_identification:_identify(rby1_hardware) by extensions ['ros']
[0.632s] Level 1:colcon.colcon_core.package_identification:_identify(rby1_hardware) by extension 'ros'
[0.633s] DEBUG:colcon.colcon_core.package_identification:Package 'rby1_hardware' with type 'ros.ament_cmake' and name 'rby1_hardware'
[0.634s] Level 1:colcon.colcon_core.package_identification:_identify(rby1_mobile_control) by extensions ['ignore', 'ignore_ament_install']
[0.634s] Level 1:colcon.colcon_core.package_identification:_identify(rby1_mobile_control) by extension 'ignore'
[0.634s] Level 1:colcon.colcon_core.package_identification:_identify(rby1_mobile_control) by extension 'ignore_ament_install'
[0.634s] Level 1:colcon.colcon_core.package_identification:_identify(rby1_mobile_control) by extensions ['colcon_pkg']
[0.634s] Level 1:colcon.colcon_core.package_identification:_identify(rby1_mobile_control) by extension 'colcon_pkg'
[0.634s] Level 1:colcon.colcon_core.package_identification:_identify(rby1_mobile_control) by extensions ['colcon_meta']
[0.634s] Level 1:colcon.colcon_core.package_identification:_identify(rby1_mobile_control) by extension 'colcon_meta'
[0.634s] Level 1:colcon.colcon_core.package_identification:_identify(rby1_mobile_control) by extensions ['ros']
[0.634s] Level 1:colcon.colcon_core.package_identification:_identify(rby1_mobile_control) by extension 'ros'
[0.636s] DEBUG:colcon.colcon_core.package_identification:Package 'rby1_mobile_control' with type 'ros.ament_python' and name 'rby1_mobile_control'
[0.636s] Level 1:colcon.colcon_core.package_identification:_identify(rby1_moveit_config) by extensions ['ignore', 'ignore_ament_install']
[0.662s] Level 1:colcon.colcon_core.package_identification:_identify(rby1_moveit_config) by extension 'ignore'
[0.663s] Level 1:colcon.colcon_core.package_identification:_identify(rby1_moveit_config) by extension 'ignore_ament_install'
[0.663s] Level 1:colcon.colcon_core.package_identification:_identify(rby1_moveit_config) by extensions ['colcon_pkg']
[0.663s] Level 1:colcon.colcon_core.package_identification:_identify(rby1_moveit_config) by extension 'colcon_pkg'
[0.663s] Level 1:colcon.colcon_core.package_identification:_identify(rby1_moveit_config) by extensions ['colcon_meta']
[0.663s] Level 1:colcon.colcon_core.package_identification:_identify(rby1_moveit_config) by extension 'colcon_meta'
[0.663s] Level 1:colcon.colcon_core.package_identification:_identify(rby1_moveit_config) by extensions ['ros']
[0.663s] Level 1:colcon.colcon_core.package_identification:_identify(rby1_moveit_config) by extension 'ros'
[0.665s] DEBUG:colcon.colcon_core.package_identification:Package 'rby1_moveit_config' with type 'ros.ament_cmake' and name 'rby1_moveit_config'
[0.665s] Level 1:colcon.colcon_core.package_identification:_identify(rby1_subscriber_pkg) by extensions ['ignore', 'ignore_ament_install']
[0.665s] Level 1:colcon.colcon_core.package_identification:_identify(rby1_subscriber_pkg) by extension 'ignore'
[0.665s] Level 1:colcon.colcon_core.package_identification:_identify(rby1_subscriber_pkg) by extension 'ignore_ament_install'
[0.666s] Level 1:colcon.colcon_core.package_identification:_identify(rby1_subscriber_pkg) by extensions ['colcon_pkg']
[0.666s] Level 1:colcon.colcon_core.package_identification:_identify(rby1_subscriber_pkg) by extension 'colcon_pkg'
[0.666s] Level 1:colcon.colcon_core.package_identification:_identify(rby1_subscriber_pkg) by extensions ['colcon_meta']
[0.666s] Level 1:colcon.colcon_core.package_identification:_identify(rby1_subscriber_pkg) by extension 'colcon_meta'
[0.666s] Level 1:colcon.colcon_core.package_identification:_identify(rby1_subscriber_pkg) by extensions ['ros']
[0.666s] Level 1:colcon.colcon_core.package_identification:_identify(rby1_subscriber_pkg) by extension 'ros'
[0.668s] DEBUG:colcon.colcon_core.package_identification:Package 'rby1_subscriber_pkg' with type 'ros.ament_python' and name 'rby1_subscriber_pkg'
[0.668s] Level 1:colcon.colcon_core.package_discovery:discover_packages(recursive) using defaults
[0.668s] Level 1:colcon.colcon_core.package_discovery:discover_packages(ignore) discover
[0.668s] Level 1:colcon.colcon_core.package_discovery:discover_packages(ignore) using defaults
[0.668s] Level 1:colcon.colcon_core.package_discovery:discover_packages(path) discover
[0.668s] Level 1:colcon.colcon_core.package_discovery:discover_packages(path) using defaults
[0.714s] Level 1:colcon.colcon_core.package_discovery:discover_packages(prefix_path) check parameters
[0.714s] Level 1:colcon.colcon_core.package_discovery:discover_packages(prefix_path) discover
[0.721s] DEBUG:colcon.colcon_installed_package_information.package_discovery:Found 6 installed packages in /home/nvidia/rby1_ros2_ws/install
[0.722s] DEBUG:colcon.colcon_installed_package_information.package_discovery:Found 1 installed packages in /home/nvidia/lidar_merger_ws/install
[0.723s] DEBUG:colcon.colcon_installed_package_information.package_discovery:Found 1 installed packages in /home/nvidia/lidar_ws/src/install
[0.724s] DEBUG:colcon.colcon_installed_package_information.package_discovery:Found 1 installed packages in /home/nvidia/apriltag_py_ros2/install
[0.725s] DEBUG:colcon.colcon_installed_package_information.package_discovery:Found 3 installed packages in /home/nvidia/apriltag_ros2_ws/install
[0.727s] DEBUG:colcon.colcon_installed_package_information.package_discovery:Found 39 installed packages in /home/nvidia/ros2_ws/install
[0.728s] DEBUG:colcon.colcon_installed_package_information.package_discovery:Found 1 installed packages in /home/nvidia/ros2_ws/src/rby1_base_movement/install
[0.729s] DEBUG:colcon.colcon_installed_package_information.package_discovery:Found 1 installed packages in /home/nvidia/ros2_ws/src/rby1_arm_movement/install
[0.730s] DEBUG:colcon.colcon_installed_package_information.package_discovery:Found 1 installed packages in /home/nvidia/ros2_ws/src/rby1_movement/install
[0.731s] DEBUG:colcon.colcon_installed_package_information.package_discovery:Found 1 installed packages in /home/nvidia/ros2_ws/src/ros2-keyboard/keyboard/install
[0.731s] DEBUG:colcon.colcon_installed_package_information.package_discovery:Found 1 installed packages in /home/nvidia/ros2_ws/src/rby1_nva_description/install
[0.735s] DEBUG:colcon.colcon_installed_package_information.package_discovery:Found 471 installed packages in /opt/ros/humble
[0.741s] Level 1:colcon.colcon_core.package_discovery:discover_packages(prefix_path) using defaults
[0.854s] Level 5:colcon.colcon_core.verb:set package 'rby1_description' build argument 'cmake_args' from command line to 'None'
[0.854s] Level 5:colcon.colcon_core.verb:set package 'rby1_description' build argument 'cmake_target' from command line to 'None'
[0.854s] Level 5:colcon.colcon_core.verb:set package 'rby1_description' build argument 'cmake_target_skip_unavailable' from command line to 'False'
[0.854s] Level 5:colcon.colcon_core.verb:set package 'rby1_description' build argument 'cmake_clean_cache' from command line to 'False'
[0.854s] Level 5:colcon.colcon_core.verb:set package 'rby1_description' build argument 'cmake_clean_first' from command line to 'False'
[0.854s] Level 5:colcon.colcon_core.verb:set package 'rby1_description' build argument 'cmake_force_configure' from command line to 'False'
[0.854s] Level 5:colcon.colcon_core.verb:set package 'rby1_description' build argument 'ament_cmake_args' from command line to 'None'
[0.854s] Level 5:colcon.colcon_core.verb:set package 'rby1_description' build argument 'catkin_cmake_args' from command line to 'None'
[0.855s] Level 5:colcon.colcon_core.verb:set package 'rby1_description' build argument 'catkin_skip_building_tests' from command line to 'False'
[0.855s] DEBUG:colcon.colcon_core.verb:Building package 'rby1_description' with the following arguments: {'ament_cmake_args': None, 'build_base': '/home/nvidia/rby1_ros2_ws/rby1-ros2/build/rby1_description', 'catkin_cmake_args': None, 'catkin_skip_building_tests': False, 'cmake_args': None, 'cmake_clean_cache': False, 'cmake_clean_first': False, 'cmake_force_configure': False, 'cmake_target': None, 'cmake_target_skip_unavailable': False, 'install_base': '/home/nvidia/rby1_ros2_ws/rby1-ros2/install/rby1_description', 'merge_install': False, 'path': '/home/nvidia/rby1_ros2_ws/rby1-ros2/rby1_description', 'symlink_install': False, 'test_result_base': None}
[0.855s] Level 5:colcon.colcon_core.verb:set package 'rby1_hardware' build argument 'cmake_args' from command line to 'None'
[0.855s] Level 5:colcon.colcon_core.verb:set package 'rby1_hardware' build argument 'cmake_target' from command line to 'None'
[0.855s] Level 5:colcon.colcon_core.verb:set package 'rby1_hardware' build argument 'cmake_target_skip_unavailable' from command line to 'False'
[0.855s] Level 5:colcon.colcon_core.verb:set package 'rby1_hardware' build argument 'cmake_clean_cache' from command line to 'False'
[0.856s] Level 5:colcon.colcon_core.verb:set package 'rby1_hardware' build argument 'cmake_clean_first' from command line to 'False'
[0.856s] Level 5:colcon.colcon_core.verb:set package 'rby1_hardware' build argument 'cmake_force_configure' from command line to 'False'
[0.856s] Level 5:colcon.colcon_core.verb:set package 'rby1_hardware' build argument 'ament_cmake_args' from command line to 'None'
[0.856s] Level 5:colcon.colcon_core.verb:set package 'rby1_hardware' build argument 'catkin_cmake_args' from command line to 'None'
[0.856s] Level 5:colcon.colcon_core.verb:set package 'rby1_hardware' build argument 'catkin_skip_building_tests' from command line to 'False'
[0.856s] DEBUG:colcon.colcon_core.verb:Building package 'rby1_hardware' with the following arguments: {'ament_cmake_args': None, 'build_base': '/home/nvidia/rby1_ros2_ws/rby1-ros2/build/rby1_hardware', 'catkin_cmake_args': None, 'catkin_skip_building_tests': False, 'cmake_args': None, 'cmake_clean_cache': False, 'cmake_clean_first': False, 'cmake_force_configure': False, 'cmake_target': None, 'cmake_target_skip_unavailable': False, 'install_base': '/home/nvidia/rby1_ros2_ws/rby1-ros2/install/rby1_hardware', 'merge_install': False, 'path': '/home/nvidia/rby1_ros2_ws/rby1-ros2/rby1_hardware', 'symlink_install': False, 'test_result_base': None}
[0.856s] Level 5:colcon.colcon_core.verb:set package 'rby1_mobile_control' build argument 'cmake_args' from command line to 'None'
[0.856s] Level 5:colcon.colcon_core.verb:set package 'rby1_mobile_control' build argument 'cmake_target' from command line to 'None'
[0.856s] Level 5:colcon.colcon_core.verb:set package 'rby1_mobile_control' build argument 'cmake_target_skip_unavailable' from command line to 'False'
[0.856s] Level 5:colcon.colcon_core.verb:set package 'rby1_mobile_control' build argument 'cmake_clean_cache' from command line to 'False'
[0.857s] Level 5:colcon.colcon_core.verb:set package 'rby1_mobile_control' build argument 'cmake_clean_first' from command line to 'False'
[0.857s] Level 5:colcon.colcon_core.verb:set package 'rby1_mobile_control' build argument 'cmake_force_configure' from command line to 'False'
[0.857s] Level 5:colcon.colcon_core.verb:set package 'rby1_mobile_control' build argument 'ament_cmake_args' from command line to 'None'
[0.857s] Level 5:colcon.colcon_core.verb:set package 'rby1_mobile_control' build argument 'catkin_cmake_args' from command line to 'None'
[0.857s] Level 5:colcon.colcon_core.verb:set package 'rby1_mobile_control' build argument 'catkin_skip_building_tests' from command line to 'False'
[0.857s] DEBUG:colcon.colcon_core.verb:Building package 'rby1_mobile_control' with the following arguments: {'ament_cmake_args': None, 'build_base': '/home/nvidia/rby1_ros2_ws/rby1-ros2/build/rby1_mobile_control', 'catkin_cmake_args': None, 'catkin_skip_building_tests': False, 'cmake_args': None, 'cmake_clean_cache': False, 'cmake_clean_first': False, 'cmake_force_configure': False, 'cmake_target': None, 'cmake_target_skip_unavailable': False, 'install_base': '/home/nvidia/rby1_ros2_ws/rby1-ros2/install/rby1_mobile_control', 'merge_install': False, 'path': '/home/nvidia/rby1_ros2_ws/rby1-ros2/rby1_mobile_control', 'symlink_install': False, 'test_result_base': None}
[0.857s] Level 5:colcon.colcon_core.verb:set package 'rby1_subscriber_pkg' build argument 'cmake_args' from command line to 'None'
[0.857s] Level 5:colcon.colcon_core.verb:set package 'rby1_subscriber_pkg' build argument 'cmake_target' from command line to 'None'
[0.857s] Level 5:colcon.colcon_core.verb:set package 'rby1_subscriber_pkg' build argument 'cmake_target_skip_unavailable' from command line to 'False'
[0.858s] Level 5:colcon.colcon_core.verb:set package 'rby1_subscriber_pkg' build argument 'cmake_clean_cache' from command line to 'False'
[0.858s] Level 5:colcon.colcon_core.verb:set package 'rby1_subscriber_pkg' build argument 'cmake_clean_first' from command line to 'False'
[0.858s] Level 5:colcon.colcon_core.verb:set package 'rby1_subscriber_pkg' build argument 'cmake_force_configure' from command line to 'False'
[0.858s] Level 5:colcon.colcon_core.verb:set package 'rby1_subscriber_pkg' build argument 'ament_cmake_args' from command line to 'None'
[0.858s] Level 5:colcon.colcon_core.verb:set package 'rby1_subscriber_pkg' build argument 'catkin_cmake_args' from command line to 'None'
[0.858s] Level 5:colcon.colcon_core.verb:set package 'rby1_subscriber_pkg' build argument 'catkin_skip_building_tests' from command line to 'False'
[0.858s] DEBUG:colcon.colcon_core.verb:Building package 'rby1_subscriber_pkg' with the following arguments: {'ament_cmake_args': None, 'build_base': '/home/nvidia/rby1_ros2_ws/rby1-ros2/build/rby1_subscriber_pkg', 'catkin_cmake_args': None, 'catkin_skip_building_tests': False, 'cmake_args': None, 'cmake_clean_cache': False, 'cmake_clean_first': False, 'cmake_force_configure': False, 'cmake_target': None, 'cmake_target_skip_unavailable': False, 'install_base': '/home/nvidia/rby1_ros2_ws/rby1-ros2/install/rby1_subscriber_pkg', 'merge_install': False, 'path': '/home/nvidia/rby1_ros2_ws/rby1-ros2/rby1_subscriber_pkg', 'symlink_install': False, 'test_result_base': None}
[0.858s] Level 5:colcon.colcon_core.verb:set package 'rby1_moveit_config' build argument 'cmake_args' from command line to 'None'
[0.858s] Level 5:colcon.colcon_core.verb:set package 'rby1_moveit_config' build argument 'cmake_target' from command line to 'None'
[0.858s] Level 5:colcon.colcon_core.verb:set package 'rby1_moveit_config' build argument 'cmake_target_skip_unavailable' from command line to 'False'
[0.859s] Level 5:colcon.colcon_core.verb:set package 'rby1_moveit_config' build argument 'cmake_clean_cache' from command line to 'False'
[0.859s] Level 5:colcon.colcon_core.verb:set package 'rby1_moveit_config' build argument 'cmake_clean_first' from command line to 'False'
[0.859s] Level 5:colcon.colcon_core.verb:set package 'rby1_moveit_config' build argument 'cmake_force_configure' from command line to 'False'
[0.859s] Level 5:colcon.colcon_core.verb:set package 'rby1_moveit_config' build argument 'ament_cmake_args' from command line to 'None'
[0.859s] Level 5:colcon.colcon_core.verb:set package 'rby1_moveit_config' build argument 'catkin_cmake_args' from command line to 'None'
[0.859s] Level 5:colcon.colcon_core.verb:set package 'rby1_moveit_config' build argument 'catkin_skip_building_tests' from command line to 'False'
[0.859s] DEBUG:colcon.colcon_core.verb:Building package 'rby1_moveit_config' with the following arguments: {'ament_cmake_args': None, 'build_base': '/home/nvidia/rby1_ros2_ws/rby1-ros2/build/rby1_moveit_config', 'catkin_cmake_args': None, 'catkin_skip_building_tests': False, 'cmake_args': None, 'cmake_clean_cache': False, 'cmake_clean_first': False, 'cmake_force_configure': False, 'cmake_target': None, 'cmake_target_skip_unavailable': False, 'install_base': '/home/nvidia/rby1_ros2_ws/rby1-ros2/install/rby1_moveit_config', 'merge_install': False, 'path': '/home/nvidia/rby1_ros2_ws/rby1-ros2/rby1_moveit_config', 'symlink_install': False, 'test_result_base': None}
[0.859s] Level 5:colcon.colcon_core.verb:set package 'rby1_bringup' build argument 'cmake_args' from command line to 'None'
[0.859s] Level 5:colcon.colcon_core.verb:set package 'rby1_bringup' build argument 'cmake_target' from command line to 'None'
[0.859s] Level 5:colcon.colcon_core.verb:set package 'rby1_bringup' build argument 'cmake_target_skip_unavailable' from command line to 'False'
[0.859s] Level 5:colcon.colcon_core.verb:set package 'rby1_bringup' build argument 'cmake_clean_cache' from command line to 'False'
[0.860s] Level 5:colcon.colcon_core.verb:set package 'rby1_bringup' build argument 'cmake_clean_first' from command line to 'False'
[0.860s] Level 5:colcon.colcon_core.verb:set package 'rby1_bringup' build argument 'cmake_force_configure' from command line to 'False'
[0.860s] Level 5:colcon.colcon_core.verb:set package 'rby1_bringup' build argument 'ament_cmake_args' from command line to 'None'
[0.860s] Level 5:colcon.colcon_core.verb:set package 'rby1_bringup' build argument 'catkin_cmake_args' from command line to 'None'
[0.860s] Level 5:colcon.colcon_core.verb:set package 'rby1_bringup' build argument 'catkin_skip_building_tests' from command line to 'False'
[0.860s] DEBUG:colcon.colcon_core.verb:Building package 'rby1_bringup' with the following arguments: {'ament_cmake_args': None, 'build_base': '/home/nvidia/rby1_ros2_ws/rby1-ros2/build/rby1_bringup', 'catkin_cmake_args': None, 'catkin_skip_building_tests': False, 'cmake_args': None, 'cmake_clean_cache': False, 'cmake_clean_first': False, 'cmake_force_configure': False, 'cmake_target': None, 'cmake_target_skip_unavailable': False, 'install_base': '/home/nvidia/rby1_ros2_ws/rby1-ros2/install/rby1_bringup', 'merge_install': False, 'path': '/home/nvidia/rby1_ros2_ws/rby1-ros2/rby1_bringup', 'symlink_install': False, 'test_result_base': None}
[0.860s] INFO:colcon.colcon_core.executor:Executing jobs using 'parallel' executor
[0.862s] DEBUG:colcon.colcon_parallel_executor.executor.parallel:run_until_complete
[0.863s] INFO:colcon.colcon_ros.task.ament_cmake.build:Building ROS package in '/home/nvidia/rby1_ros2_ws/rby1-ros2/rby1_description' with build type 'ament_cmake'
[0.864s] INFO:colcon.colcon_cmake.task.cmake.build:Building CMake package in '/home/nvidia/rby1_ros2_ws/rby1-ros2/rby1_description'
[0.870s] INFO:colcon.colcon_core.plugin_system:Skipping extension 'colcon_core.shell.bat': Not used on non-Windows systems
[0.870s] INFO:colcon.colcon_core.shell:Skip shell extension 'powershell' for command environment: Not usable outside of PowerShell
[0.871s] DEBUG:colcon.colcon_core.shell:Skip shell extension 'dsv' for command environment
[0.892s] INFO:colcon.colcon_ros.task.ament_cmake.build:Building ROS package in '/home/nvidia/rby1_ros2_ws/rby1-ros2/rby1_hardware' with build type 'ament_cmake'
[0.892s] INFO:colcon.colcon_cmake.task.cmake.build:Building CMake package in '/home/nvidia/rby1_ros2_ws/rby1-ros2/rby1_hardware'
[0.893s] INFO:colcon.colcon_core.shell:Skip shell extension 'powershell' for command environment: Not usable outside of PowerShell
[0.893s] DEBUG:colcon.colcon_core.shell:Skip shell extension 'dsv' for command environment
[0.913s] INFO:colcon.colcon_ros.task.ament_python.build:Building ROS package in '/home/nvidia/rby1_ros2_ws/rby1-ros2/rby1_mobile_control' with build type 'ament_python'
[0.914s] Level 1:colcon.colcon_core.shell:create_environment_hook('rby1_mobile_control', 'ament_prefix_path')
[0.915s] INFO:colcon.colcon_core.shell:Creating environment hook '/home/nvidia/rby1_ros2_ws/rby1-ros2/install/rby1_mobile_control/share/rby1_mobile_control/hook/ament_prefix_path.ps1'
[0.917s] INFO:colcon.colcon_core.shell:Creating environment descriptor '/home/nvidia/rby1_ros2_ws/rby1-ros2/install/rby1_mobile_control/share/rby1_mobile_control/hook/ament_prefix_path.dsv'
[0.918s] INFO:colcon.colcon_core.shell:Creating environment hook '/home/nvidia/rby1_ros2_ws/rby1-ros2/install/rby1_mobile_control/share/rby1_mobile_control/hook/ament_prefix_path.sh'
[0.920s] INFO:colcon.colcon_core.shell:Skip shell extension 'powershell' for command environment: Not usable outside of PowerShell
[0.920s] DEBUG:colcon.colcon_core.shell:Skip shell extension 'dsv' for command environment
[0.941s] INFO:colcon.colcon_ros.task.ament_python.build:Building ROS package in '/home/nvidia/rby1_ros2_ws/rby1-ros2/rby1_subscriber_pkg' with build type 'ament_python'
[0.942s] Level 1:colcon.colcon_core.shell:create_environment_hook('rby1_subscriber_pkg', 'ament_prefix_path')
[0.942s] INFO:colcon.colcon_core.shell:Creating environment hook '/home/nvidia/rby1_ros2_ws/rby1-ros2/install/rby1_subscriber_pkg/share/rby1_subscriber_pkg/hook/ament_prefix_path.ps1'
[0.944s] INFO:colcon.colcon_core.shell:Creating environment descriptor '/home/nvidia/rby1_ros2_ws/rby1-ros2/install/rby1_subscriber_pkg/share/rby1_subscriber_pkg/hook/ament_prefix_path.dsv'
[0.944s] INFO:colcon.colcon_core.shell:Creating environment hook '/home/nvidia/rby1_ros2_ws/rby1-ros2/install/rby1_subscriber_pkg/share/rby1_subscriber_pkg/hook/ament_prefix_path.sh'
[0.945s] INFO:colcon.colcon_core.shell:Skip shell extension 'powershell' for command environment: Not usable outside of PowerShell
[0.946s] DEBUG:colcon.colcon_core.shell:Skip shell extension 'dsv' for command environment
[0.972s] DEBUG:colcon.colcon_core.event_handler.log_command:Invoking command in '/home/nvidia/rby1_ros2_ws/rby1-ros2/build/rby1_description': CMAKE_PREFIX_PATH=${CMAKE_PREFIX_PATH}:/home/nvidia/ros2_ws/install/pynput_teleop_twist_keyboard:/home/nvidia/ros2_ws/install/launch_param_builder:/home/nvidia/ros2_ws/install/keyboard_joy:/home/nvidia/apriltag_py_ros2/install/apriltag_detector:/home/nvidia/rby1_ros2_ws/install/rby1_subscriber_pkg:/home/nvidia/rby1_ros2_ws/install/rby1_mobile_control:/opt/ros/humble /usr/bin/cmake /home/nvidia/rby1_ros2_ws/rby1-ros2/rby1_description -DCMAKE_INSTALL_PREFIX=/home/nvidia/rby1_ros2_ws/rby1-ros2/install/rby1_description
[0.981s] DEBUG:colcon.colcon_core.event_handler.log_command:Invoking command in '/home/nvidia/rby1_ros2_ws/rby1-ros2/build/rby1_hardware': CMAKE_PREFIX_PATH=${CMAKE_PREFIX_PATH}:/home/nvidia/ros2_ws/install/pynput_teleop_twist_keyboard:/home/nvidia/ros2_ws/install/launch_param_builder:/home/nvidia/ros2_ws/install/keyboard_joy:/home/nvidia/apriltag_py_ros2/install/apriltag_detector:/home/nvidia/rby1_ros2_ws/install/rby1_subscriber_pkg:/home/nvidia/rby1_ros2_ws/install/rby1_mobile_control:/opt/ros/humble /usr/bin/cmake /home/nvidia/rby1_ros2_ws/rby1-ros2/rby1_hardware -DCMAKE_INSTALL_PREFIX=/home/nvidia/rby1_ros2_ws/rby1-ros2/install/rby1_hardware
[1.583s] INFO:colcon.colcon_core.task.python.build:Building Python package in '/home/nvidia/rby1_ros2_ws/rby1-ros2/rby1_mobile_control'
[1.584s] INFO:colcon.colcon_core.shell:Skip shell extension 'powershell' for command environment: Not usable outside of PowerShell
[1.584s] DEBUG:colcon.colcon_core.shell:Skip shell extension 'dsv' for command environment
[2.238s] INFO:colcon.colcon_core.task.python.build:Building Python package in '/home/nvidia/rby1_ros2_ws/rby1-ros2/rby1_subscriber_pkg'
[2.239s] INFO:colcon.colcon_core.shell:Skip shell extension 'powershell' for command environment: Not usable outside of PowerShell
[2.239s] DEBUG:colcon.colcon_core.shell:Skip shell extension 'dsv' for command environment
[2.522s] DEBUG:colcon.colcon_core.event_handler.log_command:Invoked command in '/home/nvidia/rby1_ros2_ws/rby1-ros2/build/rby1_description' returned '0': CMAKE_PREFIX_PATH=${CMAKE_PREFIX_PATH}:/home/nvidia/ros2_ws/install/pynput_teleop_twist_keyboard:/home/nvidia/ros2_ws/install/launch_param_builder:/home/nvidia/ros2_ws/install/keyboard_joy:/home/nvidia/apriltag_py_ros2/install/apriltag_detector:/home/nvidia/rby1_ros2_ws/install/rby1_subscriber_pkg:/home/nvidia/rby1_ros2_ws/install/rby1_mobile_control:/opt/ros/humble /usr/bin/cmake /home/nvidia/rby1_ros2_ws/rby1-ros2/rby1_description -DCMAKE_INSTALL_PREFIX=/home/nvidia/rby1_ros2_ws/rby1-ros2/install/rby1_description
[2.525s] DEBUG:colcon.colcon_core.event_handler.log_command:Invoking command in '/home/nvidia/rby1_ros2_ws/rby1-ros2/build/rby1_description': CMAKE_PREFIX_PATH=${CMAKE_PREFIX_PATH}:/home/nvidia/ros2_ws/install/pynput_teleop_twist_keyboard:/home/nvidia/ros2_ws/install/launch_param_builder:/home/nvidia/ros2_ws/install/keyboard_joy:/home/nvidia/apriltag_py_ros2/install/apriltag_detector:/home/nvidia/rby1_ros2_ws/install/rby1_subscriber_pkg:/home/nvidia/rby1_ros2_ws/install/rby1_mobile_control:/opt/ros/humble /usr/bin/cmake --build /home/nvidia/rby1_ros2_ws/rby1-ros2/build/rby1_description -- -j8 -l8
[2.562s] DEBUG:colcon.colcon_core.event_handler.log_command:Invoked command in '/home/nvidia/rby1_ros2_ws/rby1-ros2/build/rby1_description' returned '0': CMAKE_PREFIX_PATH=${CMAKE_PREFIX_PATH}:/home/nvidia/ros2_ws/install/pynput_teleop_twist_keyboard:/home/nvidia/ros2_ws/install/launch_param_builder:/home/nvidia/ros2_ws/install/keyboard_joy:/home/nvidia/apriltag_py_ros2/install/apriltag_detector:/home/nvidia/rby1_ros2_ws/install/rby1_subscriber_pkg:/home/nvidia/rby1_ros2_ws/install/rby1_mobile_control:/opt/ros/humble /usr/bin/cmake --build /home/nvidia/rby1_ros2_ws/rby1-ros2/build/rby1_description -- -j8 -l8
[2.575s] DEBUG:colcon.colcon_core.event_handler.log_command:Invoking command in '/home/nvidia/rby1_ros2_ws/rby1-ros2/build/rby1_description': CMAKE_PREFIX_PATH=${CMAKE_PREFIX_PATH}:/home/nvidia/ros2_ws/install/pynput_teleop_twist_keyboard:/home/nvidia/ros2_ws/install/launch_param_builder:/home/nvidia/ros2_ws/install/keyboard_joy:/home/nvidia/apriltag_py_ros2/install/apriltag_detector:/home/nvidia/rby1_ros2_ws/install/rby1_subscriber_pkg:/home/nvidia/rby1_ros2_ws/install/rby1_mobile_control:/opt/ros/humble /usr/bin/cmake --install /home/nvidia/rby1_ros2_ws/rby1-ros2/build/rby1_description
[2.702s] Level 1:colcon.colcon_core.environment:create_environment_scripts_only(rby1_description)
[2.703s] DEBUG:colcon.colcon_core.event_handler.log_command:Invoked command in '/home/nvidia/rby1_ros2_ws/rby1-ros2/build/rby1_description' returned '0': CMAKE_PREFIX_PATH=${CMAKE_PREFIX_PATH}:/home/nvidia/ros2_ws/install/pynput_teleop_twist_keyboard:/home/nvidia/ros2_ws/install/launch_param_builder:/home/nvidia/ros2_ws/install/keyboard_joy:/home/nvidia/apriltag_py_ros2/install/apriltag_detector:/home/nvidia/rby1_ros2_ws/install/rby1_subscriber_pkg:/home/nvidia/rby1_ros2_ws/install/rby1_mobile_control:/opt/ros/humble /usr/bin/cmake --install /home/nvidia/rby1_ros2_ws/rby1-ros2/build/rby1_description
[2.707s] Level 1:colcon.colcon_core.environment:checking '/home/nvidia/rby1_ros2_ws/rby1-ros2/install/rby1_description' for CMake module files
[2.708s] Level 1:colcon.colcon_core.environment:checking '/home/nvidia/rby1_ros2_ws/rby1-ros2/install/rby1_description' for CMake config files
[2.709s] Level 1:colcon.colcon_core.shell:create_environment_hook('rby1_description', 'cmake_prefix_path')
[2.709s] INFO:colcon.colcon_core.shell:Creating environment hook '/home/nvidia/rby1_ros2_ws/rby1-ros2/install/rby1_description/share/rby1_description/hook/cmake_prefix_path.ps1'
[2.710s] INFO:colcon.colcon_core.shell:Creating environment descriptor '/home/nvidia/rby1_ros2_ws/rby1-ros2/install/rby1_description/share/rby1_description/hook/cmake_prefix_path.dsv'
[2.711s] INFO:colcon.colcon_core.shell:Creating environment hook '/home/nvidia/rby1_ros2_ws/rby1-ros2/install/rby1_description/share/rby1_description/hook/cmake_prefix_path.sh'
[2.712s] Level 1:colcon.colcon_core.environment:checking '/home/nvidia/rby1_ros2_ws/rby1-ros2/install/rby1_description/bin'
[2.713s] Level 1:colcon.colcon_core.environment:checking '/home/nvidia/rby1_ros2_ws/rby1-ros2/install/rby1_description/lib/pkgconfig/rby1_description.pc'
[2.713s] Level 1:colcon.colcon_core.environment:checking '/home/nvidia/rby1_ros2_ws/rby1-ros2/install/rby1_description/lib/python3.10/site-packages'
[2.714s] Level 1:colcon.colcon_core.environment:checking '/home/nvidia/rby1_ros2_ws/rby1-ros2/install/rby1_description/bin'
[2.714s] INFO:colcon.colcon_core.shell:Creating package script '/home/nvidia/rby1_ros2_ws/rby1-ros2/install/rby1_description/share/rby1_description/package.ps1'
[2.716s] INFO:colcon.colcon_core.shell:Creating package descriptor '/home/nvidia/rby1_ros2_ws/rby1-ros2/install/rby1_description/share/rby1_description/package.dsv'
[2.718s] INFO:colcon.colcon_core.shell:Creating package script '/home/nvidia/rby1_ros2_ws/rby1-ros2/install/rby1_description/share/rby1_description/package.sh'
[2.720s] INFO:colcon.colcon_core.shell:Creating package script '/home/nvidia/rby1_ros2_ws/rby1-ros2/install/rby1_description/share/rby1_description/package.bash'
[2.721s] INFO:colcon.colcon_core.shell:Creating package script '/home/nvidia/rby1_ros2_ws/rby1-ros2/install/rby1_description/share/rby1_description/package.zsh'
[2.722s] Level 1:colcon.colcon_core.environment:create_file_with_runtime_dependencies(/home/nvidia/rby1_ros2_ws/rby1-ros2/install/rby1_description/share/colcon-core/packages/rby1_description)
[2.724s] Level 1:colcon.colcon_core.environment:create_environment_scripts_only(rby1_description)
[2.724s] Level 1:colcon.colcon_core.environment:checking '/home/nvidia/rby1_ros2_ws/rby1-ros2/install/rby1_description' for CMake module files
[2.725s] Level 1:colcon.colcon_core.environment:checking '/home/nvidia/rby1_ros2_ws/rby1-ros2/install/rby1_description' for CMake config files
[2.725s] Level 1:colcon.colcon_core.shell:create_environment_hook('rby1_description', 'cmake_prefix_path')
[2.726s] INFO:colcon.colcon_core.shell:Creating environment hook '/home/nvidia/rby1_ros2_ws/rby1-ros2/install/rby1_description/share/rby1_description/hook/cmake_prefix_path.ps1'
[2.727s] INFO:colcon.colcon_core.shell:Creating environment descriptor '/home/nvidia/rby1_ros2_ws/rby1-ros2/install/rby1_description/share/rby1_description/hook/cmake_prefix_path.dsv'
[2.728s] INFO:colcon.colcon_core.shell:Creating environment hook '/home/nvidia/rby1_ros2_ws/rby1-ros2/install/rby1_description/share/rby1_description/hook/cmake_prefix_path.sh'
[2.729s] Level 1:colcon.colcon_core.environment:checking '/home/nvidia/rby1_ros2_ws/rby1-ros2/install/rby1_description/bin'
[2.729s] Level 1:colcon.colcon_core.environment:checking '/home/nvidia/rby1_ros2_ws/rby1-ros2/install/rby1_description/lib/pkgconfig/rby1_description.pc'
[2.729s] Level 1:colcon.colcon_core.environment:checking '/home/nvidia/rby1_ros2_ws/rby1-ros2/install/rby1_description/lib/python3.10/site-packages'
[2.730s] Level 1:colcon.colcon_core.environment:checking '/home/nvidia/rby1_ros2_ws/rby1-ros2/install/rby1_description/bin'
[2.730s] INFO:colcon.colcon_core.shell:Creating package script '/home/nvidia/rby1_ros2_ws/rby1-ros2/install/rby1_description/share/rby1_description/package.ps1'
[2.731s] INFO:colcon.colcon_core.shell:Creating package descriptor '/home/nvidia/rby1_ros2_ws/rby1-ros2/install/rby1_description/share/rby1_description/package.dsv'
[2.732s] INFO:colcon.colcon_core.shell:Creating package script '/home/nvidia/rby1_ros2_ws/rby1-ros2/install/rby1_description/share/rby1_description/package.sh'
[2.733s] INFO:colcon.colcon_core.shell:Creating package script '/home/nvidia/rby1_ros2_ws/rby1-ros2/install/rby1_description/share/rby1_description/package.bash'
[2.735s] INFO:colcon.colcon_core.shell:Creating package script '/home/nvidia/rby1_ros2_ws/rby1-ros2/install/rby1_description/share/rby1_description/package.zsh'
[2.736s] Level 1:colcon.colcon_core.environment:create_file_with_runtime_dependencies(/home/nvidia/rby1_ros2_ws/rby1-ros2/install/rby1_description/share/colcon-core/packages/rby1_description)
[2.737s] INFO:colcon.colcon_ros.task.ament_cmake.build:Building ROS package in '/home/nvidia/rby1_ros2_ws/rby1-ros2/rby1_moveit_config' with build type 'ament_cmake'
[2.738s] INFO:colcon.colcon_cmake.task.cmake.build:Building CMake package in '/home/nvidia/rby1_ros2_ws/rby1-ros2/rby1_moveit_config'
[2.738s] INFO:colcon.colcon_core.shell:Skip shell extension 'powershell' for command environment: Not usable outside of PowerShell
[2.739s] DEBUG:colcon.colcon_core.shell:Skip shell extension 'dsv' for command environment
[2.769s] DEBUG:colcon.colcon_core.event_handler.log_command:Invoking command in '/home/nvidia/rby1_ros2_ws/rby1-ros2/build/rby1_moveit_config': AMENT_PREFIX_PATH=/home/nvidia/rby1_ros2_ws/rby1-ros2/install/rby1_description:${AMENT_PREFIX_PATH} CMAKE_PREFIX_PATH=/home/nvidia/rby1_ros2_ws/rby1-ros2/install/rby1_description:/home/nvidia/lidar_merger_ws/install/multi-laserscan-toolbox-ros2:/home/nvidia/lidar_ws/src/install/lakibeam1:/home/nvidia/ros2_ws/install/zed_ros2:/home/nvidia/ros2_ws/install/zed_wrapper:/home/nvidia/ros2_ws/install/zed_components:/home/nvidia/ros2_ws/install/wiimote:/home/nvidia/ros2_ws/install/wiimote_msgs:/home/nvidia/ros2_ws/install/test_ros_gz_bridge:/home/nvidia/ros2_ws/install/tcp_tunnel:/home/nvidia/ros2_ws/install/srdfdom:/home/nvidia/ros2_ws/install/spacenav:/home/nvidia/ros2_ws/install/joy:/home/nvidia/ros2_ws/install/sdl2_vendor:/home/nvidia/ros2_ws/install/rosparam_shortcuts:/home/nvidia/ros2_ws/install/ros_ign_interfaces:/home/nvidia/ros2_ws/install/ros_ign:/home/nvidia/ros2_ws/install/ros_ign_image:/home/nvidia/ros2_ws/install/ros_ign_gazebo_demos:/home/nvidia/ros2_ws/install/ros_ign_gazebo:/home/nvidia/ros2_ws/install/ros_ign_bridge:/home/nvidia/ros2_ws/install/ros_gz:/home/nvidia/ros2_ws/install/ros_gz_sim_demos:/home/nvidia/ros2_ws/install/rby1_nva_description:/home/nvidia/ros2_ws/install/ros_gz_sim:/home/nvidia/ros2_ws/install/ros_gz_image:/home/nvidia/ros2_ws/install/ros_gz_bridge:/home/nvidia/ros2_ws/install/ros_gz_interfaces:/home/nvidia/ros2_ws/install/rby1_robot_state:/home/nvidia/ros2_ws/install/rby1_movement:/home/nvidia/ros2_ws/install/rby1_moveit_client:/home/nvidia/ros2_ws/install/rby1_base_movement:/home/nvidia/ros2_ws/install/rby1_arm_movement:/home/nvidia/ros2_ws/install/keyboard:/home/nvidia/ros2_ws/install/keyboard_msgs:/home/nvidia/ros2_ws/install/joy_linux:/home/nvidia/ros2_ws/install/apriltag:/home/nvidia/apriltag_ros2_ws/install/apriltag_ros:/home/nvidia/apriltag_ros2_ws/install/apriltag_msgs:/home/nvidia/apriltag_ros2_ws/install/apriltag:/home/nvidia/ros2_ws/src/rby1_base_movement/install/rby1_base_movement:/home/nvidia/rby1_ros2_ws/install/rby1_bringup:/home/nvidia/rby1_ros2_ws/install/rby1_moveit_config:/home/nvidia/rby1_ros2_ws/install/rby1_hardware:/home/nvidia/rby1_ros2_ws/install/rby1_description:/home/nvidia/ros2_ws/src/rby1_arm_movement/install/rby1_arm_movement:/home/nvidia/ros2_ws/src/rby1_movement/install/rby1_movement:/home/nvidia/ros2_ws/src/ros2-keyboard/keyboard/install/keyboard:/home/nvidia/ros2_ws/src/rby1_nva_description/install/rby1_nva_description:/home/nvidia/ros2_ws/install/pynput_teleop_twist_keyboard:/home/nvidia/ros2_ws/install/launch_param_builder:/home/nvidia/ros2_ws/install/keyboard_joy:/home/nvidia/apriltag_py_ros2/install/apriltag_detector:/home/nvidia/rby1_ros2_ws/install/rby1_subscriber_pkg:/home/nvidia/rby1_ros2_ws/install/rby1_mobile_control:/opt/ros/humble /usr/bin/cmake /home/nvidia/rby1_ros2_ws/rby1-ros2/rby1_moveit_config -DCMAKE_INSTALL_PREFIX=/home/nvidia/rby1_ros2_ws/rby1-ros2/install/rby1_moveit_config
[3.426s] DEBUG:colcon.colcon_core.event_handler.log_command:Invoking command in '/home/nvidia/rby1_ros2_ws/rby1-ros2/rby1_subscriber_pkg': PYTHONPATH=/home/nvidia/rby1_ros2_ws/rby1-ros2/build/rby1_subscriber_pkg/prefix_override:/usr/lib/python3/dist-packages/colcon_core/task/python/colcon_distutils_commands:/home/nvidia/rby1_ros2_ws/rby1-ros2/install/rby1_subscriber_pkg/lib/python3.10/site-packages:${PYTHONPATH} /usr/bin/python3 -W ignore:setup.py install is deprecated -W ignore:easy_install command is deprecated setup.py egg_info --egg-base ../build/rby1_subscriber_pkg build --build-base /home/nvidia/rby1_ros2_ws/rby1-ros2/build/rby1_subscriber_pkg/build install --record /home/nvidia/rby1_ros2_ws/rby1-ros2/build/rby1_subscriber_pkg/install.log --single-version-externally-managed install_data
[3.432s] DEBUG:colcon.colcon_core.event_handler.log_command:Invoking command in '/home/nvidia/rby1_ros2_ws/rby1-ros2/rby1_mobile_control': PYTHONPATH=/home/nvidia/rby1_ros2_ws/rby1-ros2/build/rby1_mobile_control/prefix_override:/usr/lib/python3/dist-packages/colcon_core/task/python/colcon_distutils_commands:/home/nvidia/rby1_ros2_ws/rby1-ros2/install/rby1_mobile_control/lib/python3.10/site-packages:${PYTHONPATH} /usr/bin/python3 -W ignore:setup.py install is deprecated -W ignore:easy_install command is deprecated setup.py egg_info --egg-base ../build/rby1_mobile_control build --build-base /home/nvidia/rby1_ros2_ws/rby1-ros2/build/rby1_mobile_control/build install --record /home/nvidia/rby1_ros2_ws/rby1-ros2/build/rby1_mobile_control/install.log --single-version-externally-managed install_data
[4.108s] Level 1:colcon.colcon_core.environment:checking '/home/nvidia/rby1_ros2_ws/rby1-ros2/install/rby1_mobile_control' for CMake module files
[4.109s] DEBUG:colcon.colcon_core.event_handler.log_command:Invoked command in '/home/nvidia/rby1_ros2_ws/rby1-ros2/rby1_mobile_control' returned '0': PYTHONPATH=/home/nvidia/rby1_ros2_ws/rby1-ros2/build/rby1_mobile_control/prefix_override:/usr/lib/python3/dist-packages/colcon_core/task/python/colcon_distutils_commands:/home/nvidia/rby1_ros2_ws/rby1-ros2/install/rby1_mobile_control/lib/python3.10/site-packages:${PYTHONPATH} /usr/bin/python3 -W ignore:setup.py install is deprecated -W ignore:easy_install command is deprecated setup.py egg_info --egg-base ../build/rby1_mobile_control build --build-base /home/nvidia/rby1_ros2_ws/rby1-ros2/build/rby1_mobile_control/build install --record /home/nvidia/rby1_ros2_ws/rby1-ros2/build/rby1_mobile_control/install.log --single-version-externally-managed install_data
[4.109s] Level 1:colcon.colcon_core.environment:checking '/home/nvidia/rby1_ros2_ws/rby1-ros2/install/rby1_mobile_control' for CMake config files
[4.110s] Level 1:colcon.colcon_core.environment:checking '/home/nvidia/rby1_ros2_ws/rby1-ros2/install/rby1_mobile_control/lib'
[4.111s] Level 1:colcon.colcon_core.environment:checking '/home/nvidia/rby1_ros2_ws/rby1-ros2/install/rby1_mobile_control/bin'
[4.111s] Level 1:colcon.colcon_core.environment:checking '/home/nvidia/rby1_ros2_ws/rby1-ros2/install/rby1_mobile_control/lib/pkgconfig/rby1_mobile_control.pc'
[4.112s] Level 1:colcon.colcon_core.environment:checking '/home/nvidia/rby1_ros2_ws/rby1-ros2/install/rby1_mobile_control/lib/python3.10/site-packages'
[4.112s] Level 1:colcon.colcon_core.shell:create_environment_hook('rby1_mobile_control', 'pythonpath')
[4.112s] INFO:colcon.colcon_core.shell:Creating environment hook '/home/nvidia/rby1_ros2_ws/rby1-ros2/install/rby1_mobile_control/share/rby1_mobile_control/hook/pythonpath.ps1'
[4.113s] INFO:colcon.colcon_core.shell:Creating environment descriptor '/home/nvidia/rby1_ros2_ws/rby1-ros2/install/rby1_mobile_control/share/rby1_mobile_control/hook/pythonpath.dsv'
[4.114s] INFO:colcon.colcon_core.shell:Creating environment hook '/home/nvidia/rby1_ros2_ws/rby1-ros2/install/rby1_mobile_control/share/rby1_mobile_control/hook/pythonpath.sh'
[4.115s] Level 1:colcon.colcon_core.environment:checking '/home/nvidia/rby1_ros2_ws/rby1-ros2/install/rby1_mobile_control/bin'
[4.115s] Level 1:colcon.colcon_core.environment:create_environment_scripts_only(rby1_mobile_control)
[4.116s] INFO:colcon.colcon_core.shell:Creating package script '/home/nvidia/rby1_ros2_ws/rby1-ros2/install/rby1_mobile_control/share/rby1_mobile_control/package.ps1'
[4.117s] INFO:colcon.colcon_core.shell:Creating package descriptor '/home/nvidia/rby1_ros2_ws/rby1-ros2/install/rby1_mobile_control/share/rby1_mobile_control/package.dsv'
[4.118s] INFO:colcon.colcon_core.shell:Creating package script '/home/nvidia/rby1_ros2_ws/rby1-ros2/install/rby1_mobile_control/share/rby1_mobile_control/package.sh'
[4.119s] INFO:colcon.colcon_core.shell:Creating package script '/home/nvidia/rby1_ros2_ws/rby1-ros2/install/rby1_mobile_control/share/rby1_mobile_control/package.bash'
[4.119s] INFO:colcon.colcon_core.shell:Creating package script '/home/nvidia/rby1_ros2_ws/rby1-ros2/install/rby1_mobile_control/share/rby1_mobile_control/package.zsh'
[4.120s] Level 1:colcon.colcon_core.environment:create_file_with_runtime_dependencies(/home/nvidia/rby1_ros2_ws/rby1-ros2/install/rby1_mobile_control/share/colcon-core/packages/rby1_mobile_control)
[4.123s] Level 1:colcon.colcon_core.environment:checking '/home/nvidia/rby1_ros2_ws/rby1-ros2/install/rby1_subscriber_pkg' for CMake module files
[4.124s] DEBUG:colcon.colcon_core.event_handler.log_command:Invoked command in '/home/nvidia/rby1_ros2_ws/rby1-ros2/rby1_subscriber_pkg' returned '0': PYTHONPATH=/home/nvidia/rby1_ros2_ws/rby1-ros2/build/rby1_subscriber_pkg/prefix_override:/usr/lib/python3/dist-packages/colcon_core/task/python/colcon_distutils_commands:/home/nvidia/rby1_ros2_ws/rby1-ros2/install/rby1_subscriber_pkg/lib/python3.10/site-packages:${PYTHONPATH} /usr/bin/python3 -W ignore:setup.py install is deprecated -W ignore:easy_install command is deprecated setup.py egg_info --egg-base ../build/rby1_subscriber_pkg build --build-base /home/nvidia/rby1_ros2_ws/rby1-ros2/build/rby1_subscriber_pkg/build install --record /home/nvidia/rby1_ros2_ws/rby1-ros2/build/rby1_subscriber_pkg/install.log --single-version-externally-managed install_data
[4.124s] Level 1:colcon.colcon_core.environment:checking '/home/nvidia/rby1_ros2_ws/rby1-ros2/install/rby1_subscriber_pkg' for CMake config files
[4.126s] Level 1:colcon.colcon_core.environment:checking '/home/nvidia/rby1_ros2_ws/rby1-ros2/install/rby1_subscriber_pkg/lib'
[4.126s] Level 1:colcon.colcon_core.environment:checking '/home/nvidia/rby1_ros2_ws/rby1-ros2/install/rby1_subscriber_pkg/bin'
[4.126s] Level 1:colcon.colcon_core.environment:checking '/home/nvidia/rby1_ros2_ws/rby1-ros2/install/rby1_subscriber_pkg/lib/pkgconfig/rby1_subscriber_pkg.pc'
[4.126s] Level 1:colcon.colcon_core.environment:checking '/home/nvidia/rby1_ros2_ws/rby1-ros2/install/rby1_subscriber_pkg/lib/python3.10/site-packages'
[4.127s] Level 1:colcon.colcon_core.shell:create_environment_hook('rby1_subscriber_pkg', 'pythonpath')
[4.127s] INFO:colcon.colcon_core.shell:Creating environment hook '/home/nvidia/rby1_ros2_ws/rby1-ros2/install/rby1_subscriber_pkg/share/rby1_subscriber_pkg/hook/pythonpath.ps1'
[4.128s] INFO:colcon.colcon_core.shell:Creating environment descriptor '/home/nvidia/rby1_ros2_ws/rby1-ros2/install/rby1_subscriber_pkg/share/rby1_subscriber_pkg/hook/pythonpath.dsv'
[4.129s] INFO:colcon.colcon_core.shell:Creating environment hook '/home/nvidia/rby1_ros2_ws/rby1-ros2/install/rby1_subscriber_pkg/share/rby1_subscriber_pkg/hook/pythonpath.sh'
[4.130s] Level 1:colcon.colcon_core.environment:checking '/home/nvidia/rby1_ros2_ws/rby1-ros2/install/rby1_subscriber_pkg/bin'
[4.130s] Level 1:colcon.colcon_core.environment:create_environment_scripts_only(rby1_subscriber_pkg)
[4.130s] INFO:colcon.colcon_core.shell:Creating package script '/home/nvidia/rby1_ros2_ws/rby1-ros2/install/rby1_subscriber_pkg/share/rby1_subscriber_pkg/package.ps1'
[4.131s] INFO:colcon.colcon_core.shell:Creating package descriptor '/home/nvidia/rby1_ros2_ws/rby1-ros2/install/rby1_subscriber_pkg/share/rby1_subscriber_pkg/package.dsv'
[4.132s] INFO:colcon.colcon_core.shell:Creating package script '/home/nvidia/rby1_ros2_ws/rby1-ros2/install/rby1_subscriber_pkg/share/rby1_subscriber_pkg/package.sh'
[4.133s] INFO:colcon.colcon_core.shell:Creating package script '/home/nvidia/rby1_ros2_ws/rby1-ros2/install/rby1_subscriber_pkg/share/rby1_subscriber_pkg/package.bash'
[4.133s] INFO:colcon.colcon_core.shell:Creating package script '/home/nvidia/rby1_ros2_ws/rby1-ros2/install/rby1_subscriber_pkg/share/rby1_subscriber_pkg/package.zsh'
[4.134s] Level 1:colcon.colcon_core.environment:create_file_with_runtime_dependencies(/home/nvidia/rby1_ros2_ws/rby1-ros2/install/rby1_subscriber_pkg/share/colcon-core/packages/rby1_subscriber_pkg)
[4.228s] DEBUG:colcon.colcon_core.event_handler.log_command:Invoked command in '/home/nvidia/rby1_ros2_ws/rby1-ros2/build/rby1_moveit_config' returned '0': AMENT_PREFIX_PATH=/home/nvidia/rby1_ros2_ws/rby1-ros2/install/rby1_description:${AMENT_PREFIX_PATH} CMAKE_PREFIX_PATH=/home/nvidia/rby1_ros2_ws/rby1-ros2/install/rby1_description:/home/nvidia/lidar_merger_ws/install/multi-laserscan-toolbox-ros2:/home/nvidia/lidar_ws/src/install/lakibeam1:/home/nvidia/ros2_ws/install/zed_ros2:/home/nvidia/ros2_ws/install/zed_wrapper:/home/nvidia/ros2_ws/install/zed_components:/home/nvidia/ros2_ws/install/wiimote:/home/nvidia/ros2_ws/install/wiimote_msgs:/home/nvidia/ros2_ws/install/test_ros_gz_bridge:/home/nvidia/ros2_ws/install/tcp_tunnel:/home/nvidia/ros2_ws/install/srdfdom:/home/nvidia/ros2_ws/install/spacenav:/home/nvidia/ros2_ws/install/joy:/home/nvidia/ros2_ws/install/sdl2_vendor:/home/nvidia/ros2_ws/install/rosparam_shortcuts:/home/nvidia/ros2_ws/install/ros_ign_interfaces:/home/nvidia/ros2_ws/install/ros_ign:/home/nvidia/ros2_ws/install/ros_ign_image:/home/nvidia/ros2_ws/install/ros_ign_gazebo_demos:/home/nvidia/ros2_ws/install/ros_ign_gazebo:/home/nvidia/ros2_ws/install/ros_ign_bridge:/home/nvidia/ros2_ws/install/ros_gz:/home/nvidia/ros2_ws/install/ros_gz_sim_demos:/home/nvidia/ros2_ws/install/rby1_nva_description:/home/nvidia/ros2_ws/install/ros_gz_sim:/home/nvidia/ros2_ws/install/ros_gz_image:/home/nvidia/ros2_ws/install/ros_gz_bridge:/home/nvidia/ros2_ws/install/ros_gz_interfaces:/home/nvidia/ros2_ws/install/rby1_robot_state:/home/nvidia/ros2_ws/install/rby1_movement:/home/nvidia/ros2_ws/install/rby1_moveit_client:/home/nvidia/ros2_ws/install/rby1_base_movement:/home/nvidia/ros2_ws/install/rby1_arm_movement:/home/nvidia/ros2_ws/install/keyboard:/home/nvidia/ros2_ws/install/keyboard_msgs:/home/nvidia/ros2_ws/install/joy_linux:/home/nvidia/ros2_ws/install/apriltag:/home/nvidia/apriltag_ros2_ws/install/apriltag_ros:/home/nvidia/apriltag_ros2_ws/install/apriltag_msgs:/home/nvidia/apriltag_ros2_ws/install/apriltag:/home/nvidia/ros2_ws/src/rby1_base_movement/install/rby1_base_movement:/home/nvidia/rby1_ros2_ws/install/rby1_bringup:/home/nvidia/rby1_ros2_ws/install/rby1_moveit_config:/home/nvidia/rby1_ros2_ws/install/rby1_hardware:/home/nvidia/rby1_ros2_ws/install/rby1_description:/home/nvidia/ros2_ws/src/rby1_arm_movement/install/rby1_arm_movement:/home/nvidia/ros2_ws/src/rby1_movement/install/rby1_movement:/home/nvidia/ros2_ws/src/ros2-keyboard/keyboard/install/keyboard:/home/nvidia/ros2_ws/src/rby1_nva_description/install/rby1_nva_description:/home/nvidia/ros2_ws/install/pynput_teleop_twist_keyboard:/home/nvidia/ros2_ws/install/launch_param_builder:/home/nvidia/ros2_ws/install/keyboard_joy:/home/nvidia/apriltag_py_ros2/install/apriltag_detector:/home/nvidia/rby1_ros2_ws/install/rby1_subscriber_pkg:/home/nvidia/rby1_ros2_ws/install/rby1_mobile_control:/opt/ros/humble /usr/bin/cmake /home/nvidia/rby1_ros2_ws/rby1-ros2/rby1_moveit_config -DCMAKE_INSTALL_PREFIX=/home/nvidia/rby1_ros2_ws/rby1-ros2/install/rby1_moveit_config
[4.231s] DEBUG:colcon.colcon_core.event_handler.log_command:Invoking command in '/home/nvidia/rby1_ros2_ws/rby1-ros2/build/rby1_moveit_config': AMENT_PREFIX_PATH=/home/nvidia/rby1_ros2_ws/rby1-ros2/install/rby1_description:${AMENT_PREFIX_PATH} CMAKE_PREFIX_PATH=/home/nvidia/rby1_ros2_ws/rby1-ros2/install/rby1_description:/home/nvidia/lidar_merger_ws/install/multi-laserscan-toolbox-ros2:/home/nvidia/lidar_ws/src/install/lakibeam1:/home/nvidia/ros2_ws/install/zed_ros2:/home/nvidia/ros2_ws/install/zed_wrapper:/home/nvidia/ros2_ws/install/zed_components:/home/nvidia/ros2_ws/install/wiimote:/home/nvidia/ros2_ws/install/wiimote_msgs:/home/nvidia/ros2_ws/install/test_ros_gz_bridge:/home/nvidia/ros2_ws/install/tcp_tunnel:/home/nvidia/ros2_ws/install/srdfdom:/home/nvidia/ros2_ws/install/spacenav:/home/nvidia/ros2_ws/install/joy:/home/nvidia/ros2_ws/install/sdl2_vendor:/home/nvidia/ros2_ws/install/rosparam_shortcuts:/home/nvidia/ros2_ws/install/ros_ign_interfaces:/home/nvidia/ros2_ws/install/ros_ign:/home/nvidia/ros2_ws/install/ros_ign_image:/home/nvidia/ros2_ws/install/ros_ign_gazebo_demos:/home/nvidia/ros2_ws/install/ros_ign_gazebo:/home/nvidia/ros2_ws/install/ros_ign_bridge:/home/nvidia/ros2_ws/install/ros_gz:/home/nvidia/ros2_ws/install/ros_gz_sim_demos:/home/nvidia/ros2_ws/install/rby1_nva_description:/home/nvidia/ros2_ws/install/ros_gz_sim:/home/nvidia/ros2_ws/install/ros_gz_image:/home/nvidia/ros2_ws/install/ros_gz_bridge:/home/nvidia/ros2_ws/install/ros_gz_interfaces:/home/nvidia/ros2_ws/install/rby1_robot_state:/home/nvidia/ros2_ws/install/rby1_movement:/home/nvidia/ros2_ws/install/rby1_moveit_client:/home/nvidia/ros2_ws/install/rby1_base_movement:/home/nvidia/ros2_ws/install/rby1_arm_movement:/home/nvidia/ros2_ws/install/keyboard:/home/nvidia/ros2_ws/install/keyboard_msgs:/home/nvidia/ros2_ws/install/joy_linux:/home/nvidia/ros2_ws/install/apriltag:/home/nvidia/apriltag_ros2_ws/install/apriltag_ros:/home/nvidia/apriltag_ros2_ws/install/apriltag_msgs:/home/nvidia/apriltag_ros2_ws/install/apriltag:/home/nvidia/ros2_ws/src/rby1_base_movement/install/rby1_base_movement:/home/nvidia/rby1_ros2_ws/install/rby1_bringup:/home/nvidia/rby1_ros2_ws/install/rby1_moveit_config:/home/nvidia/rby1_ros2_ws/install/rby1_hardware:/home/nvidia/rby1_ros2_ws/install/rby1_description:/home/nvidia/ros2_ws/src/rby1_arm_movement/install/rby1_arm_movement:/home/nvidia/ros2_ws/src/rby1_movement/install/rby1_movement:/home/nvidia/ros2_ws/src/ros2-keyboard/keyboard/install/keyboard:/home/nvidia/ros2_ws/src/rby1_nva_description/install/rby1_nva_description:/home/nvidia/ros2_ws/install/pynput_teleop_twist_keyboard:/home/nvidia/ros2_ws/install/launch_param_builder:/home/nvidia/ros2_ws/install/keyboard_joy:/home/nvidia/apriltag_py_ros2/install/apriltag_detector:/home/nvidia/rby1_ros2_ws/install/rby1_subscriber_pkg:/home/nvidia/rby1_ros2_ws/install/rby1_mobile_control:/opt/ros/humble /usr/bin/cmake --build /home/nvidia/rby1_ros2_ws/rby1-ros2/build/rby1_moveit_config -- -j8 -l8
[4.270s] DEBUG:colcon.colcon_core.event_handler.log_command:Invoked command in '/home/nvidia/rby1_ros2_ws/rby1-ros2/build/rby1_moveit_config' returned '0': AMENT_PREFIX_PATH=/home/nvidia/rby1_ros2_ws/rby1-ros2/install/rby1_description:${AMENT_PREFIX_PATH} CMAKE_PREFIX_PATH=/home/nvidia/rby1_ros2_ws/rby1-ros2/install/rby1_description:/home/nvidia/lidar_merger_ws/install/multi-laserscan-toolbox-ros2:/home/nvidia/lidar_ws/src/install/lakibeam1:/home/nvidia/ros2_ws/install/zed_ros2:/home/nvidia/ros2_ws/install/zed_wrapper:/home/nvidia/ros2_ws/install/zed_components:/home/nvidia/ros2_ws/install/wiimote:/home/nvidia/ros2_ws/install/wiimote_msgs:/home/nvidia/ros2_ws/install/test_ros_gz_bridge:/home/nvidia/ros2_ws/install/tcp_tunnel:/home/nvidia/ros2_ws/install/srdfdom:/home/nvidia/ros2_ws/install/spacenav:/home/nvidia/ros2_ws/install/joy:/home/nvidia/ros2_ws/install/sdl2_vendor:/home/nvidia/ros2_ws/install/rosparam_shortcuts:/home/nvidia/ros2_ws/install/ros_ign_interfaces:/home/nvidia/ros2_ws/install/ros_ign:/home/nvidia/ros2_ws/install/ros_ign_image:/home/nvidia/ros2_ws/install/ros_ign_gazebo_demos:/home/nvidia/ros2_ws/install/ros_ign_gazebo:/home/nvidia/ros2_ws/install/ros_ign_bridge:/home/nvidia/ros2_ws/install/ros_gz:/home/nvidia/ros2_ws/install/ros_gz_sim_demos:/home/nvidia/ros2_ws/install/rby1_nva_description:/home/nvidia/ros2_ws/install/ros_gz_sim:/home/nvidia/ros2_ws/install/ros_gz_image:/home/nvidia/ros2_ws/install/ros_gz_bridge:/home/nvidia/ros2_ws/install/ros_gz_interfaces:/home/nvidia/ros2_ws/install/rby1_robot_state:/home/nvidia/ros2_ws/install/rby1_movement:/home/nvidia/ros2_ws/install/rby1_moveit_client:/home/nvidia/ros2_ws/install/rby1_base_movement:/home/nvidia/ros2_ws/install/rby1_arm_movement:/home/nvidia/ros2_ws/install/keyboard:/home/nvidia/ros2_ws/install/keyboard_msgs:/home/nvidia/ros2_ws/install/joy_linux:/home/nvidia/ros2_ws/install/apriltag:/home/nvidia/apriltag_ros2_ws/install/apriltag_ros:/home/nvidia/apriltag_ros2_ws/install/apriltag_msgs:/home/nvidia/apriltag_ros2_ws/install/apriltag:/home/nvidia/ros2_ws/src/rby1_base_movement/install/rby1_base_movement:/home/nvidia/rby1_ros2_ws/install/rby1_bringup:/home/nvidia/rby1_ros2_ws/install/rby1_moveit_config:/home/nvidia/rby1_ros2_ws/install/rby1_hardware:/home/nvidia/rby1_ros2_ws/install/rby1_description:/home/nvidia/ros2_ws/src/rby1_arm_movement/install/rby1_arm_movement:/home/nvidia/ros2_ws/src/rby1_movement/install/rby1_movement:/home/nvidia/ros2_ws/src/ros2-keyboard/keyboard/install/keyboard:/home/nvidia/ros2_ws/src/rby1_nva_description/install/rby1_nva_description:/home/nvidia/ros2_ws/install/pynput_teleop_twist_keyboard:/home/nvidia/ros2_ws/install/launch_param_builder:/home/nvidia/ros2_ws/install/keyboard_joy:/home/nvidia/apriltag_py_ros2/install/apriltag_detector:/home/nvidia/rby1_ros2_ws/install/rby1_subscriber_pkg:/home/nvidia/rby1_ros2_ws/install/rby1_mobile_control:/opt/ros/humble /usr/bin/cmake --build /home/nvidia/rby1_ros2_ws/rby1-ros2/build/rby1_moveit_config -- -j8 -l8
[4.274s] DEBUG:colcon.colcon_core.event_handler.log_command:Invoking command in '/home/nvidia/rby1_ros2_ws/rby1-ros2/build/rby1_moveit_config': AMENT_PREFIX_PATH=/home/nvidia/rby1_ros2_ws/rby1-ros2/install/rby1_description:${AMENT_PREFIX_PATH} CMAKE_PREFIX_PATH=/home/nvidia/rby1_ros2_ws/rby1-ros2/install/rby1_description:/home/nvidia/lidar_merger_ws/install/multi-laserscan-toolbox-ros2:/home/nvidia/lidar_ws/src/install/lakibeam1:/home/nvidia/ros2_ws/install/zed_ros2:/home/nvidia/ros2_ws/install/zed_wrapper:/home/nvidia/ros2_ws/install/zed_components:/home/nvidia/ros2_ws/install/wiimote:/home/nvidia/ros2_ws/install/wiimote_msgs:/home/nvidia/ros2_ws/install/test_ros_gz_bridge:/home/nvidia/ros2_ws/install/tcp_tunnel:/home/nvidia/ros2_ws/install/srdfdom:/home/nvidia/ros2_ws/install/spacenav:/home/nvidia/ros2_ws/install/joy:/home/nvidia/ros2_ws/install/sdl2_vendor:/home/nvidia/ros2_ws/install/rosparam_shortcuts:/home/nvidia/ros2_ws/install/ros_ign_interfaces:/home/nvidia/ros2_ws/install/ros_ign:/home/nvidia/ros2_ws/install/ros_ign_image:/home/nvidia/ros2_ws/install/ros_ign_gazebo_demos:/home/nvidia/ros2_ws/install/ros_ign_gazebo:/home/nvidia/ros2_ws/install/ros_ign_bridge:/home/nvidia/ros2_ws/install/ros_gz:/home/nvidia/ros2_ws/install/ros_gz_sim_demos:/home/nvidia/ros2_ws/install/rby1_nva_description:/home/nvidia/ros2_ws/install/ros_gz_sim:/home/nvidia/ros2_ws/install/ros_gz_image:/home/nvidia/ros2_ws/install/ros_gz_bridge:/home/nvidia/ros2_ws/install/ros_gz_interfaces:/home/nvidia/ros2_ws/install/rby1_robot_state:/home/nvidia/ros2_ws/install/rby1_movement:/home/nvidia/ros2_ws/install/rby1_moveit_client:/home/nvidia/ros2_ws/install/rby1_base_movement:/home/nvidia/ros2_ws/install/rby1_arm_movement:/home/nvidia/ros2_ws/install/keyboard:/home/nvidia/ros2_ws/install/keyboard_msgs:/home/nvidia/ros2_ws/install/joy_linux:/home/nvidia/ros2_ws/install/apriltag:/home/nvidia/apriltag_ros2_ws/install/apriltag_ros:/home/nvidia/apriltag_ros2_ws/install/apriltag_msgs:/home/nvidia/apriltag_ros2_ws/install/apriltag:/home/nvidia/ros2_ws/src/rby1_base_movement/install/rby1_base_movement:/home/nvidia/rby1_ros2_ws/install/rby1_bringup:/home/nvidia/rby1_ros2_ws/install/rby1_moveit_config:/home/nvidia/rby1_ros2_ws/install/rby1_hardware:/home/nvidia/rby1_ros2_ws/install/rby1_description:/home/nvidia/ros2_ws/src/rby1_arm_movement/install/rby1_arm_movement:/home/nvidia/ros2_ws/src/rby1_movement/install/rby1_movement:/home/nvidia/ros2_ws/src/ros2-keyboard/keyboard/install/keyboard:/home/nvidia/ros2_ws/src/rby1_nva_description/install/rby1_nva_description:/home/nvidia/ros2_ws/install/pynput_teleop_twist_keyboard:/home/nvidia/ros2_ws/install/launch_param_builder:/home/nvidia/ros2_ws/install/keyboard_joy:/home/nvidia/apriltag_py_ros2/install/apriltag_detector:/home/nvidia/rby1_ros2_ws/install/rby1_subscriber_pkg:/home/nvidia/rby1_ros2_ws/install/rby1_mobile_control:/opt/ros/humble /usr/bin/cmake --install /home/nvidia/rby1_ros2_ws/rby1-ros2/build/rby1_moveit_config
[4.292s] Level 1:colcon.colcon_core.environment:create_environment_scripts_only(rby1_moveit_config)
[4.292s] Level 1:colcon.colcon_core.environment:checking '/home/nvidia/rby1_ros2_ws/rby1-ros2/install/rby1_moveit_config' for CMake module files
[4.293s] DEBUG:colcon.colcon_core.event_handler.log_command:Invoked command in '/home/nvidia/rby1_ros2_ws/rby1-ros2/build/rby1_moveit_config' returned '0': AMENT_PREFIX_PATH=/home/nvidia/rby1_ros2_ws/rby1-ros2/install/rby1_description:${AMENT_PREFIX_PATH} CMAKE_PREFIX_PATH=/home/nvidia/rby1_ros2_ws/rby1-ros2/install/rby1_description:/home/nvidia/lidar_merger_ws/install/multi-laserscan-toolbox-ros2:/home/nvidia/lidar_ws/src/install/lakibeam1:/home/nvidia/ros2_ws/install/zed_ros2:/home/nvidia/ros2_ws/install/zed_wrapper:/home/nvidia/ros2_ws/install/zed_components:/home/nvidia/ros2_ws/install/wiimote:/home/nvidia/ros2_ws/install/wiimote_msgs:/home/nvidia/ros2_ws/install/test_ros_gz_bridge:/home/nvidia/ros2_ws/install/tcp_tunnel:/home/nvidia/ros2_ws/install/srdfdom:/home/nvidia/ros2_ws/install/spacenav:/home/nvidia/ros2_ws/install/joy:/home/nvidia/ros2_ws/install/sdl2_vendor:/home/nvidia/ros2_ws/install/rosparam_shortcuts:/home/nvidia/ros2_ws/install/ros_ign_interfaces:/home/nvidia/ros2_ws/install/ros_ign:/home/nvidia/ros2_ws/install/ros_ign_image:/home/nvidia/ros2_ws/install/ros_ign_gazebo_demos:/home/nvidia/ros2_ws/install/ros_ign_gazebo:/home/nvidia/ros2_ws/install/ros_ign_bridge:/home/nvidia/ros2_ws/install/ros_gz:/home/nvidia/ros2_ws/install/ros_gz_sim_demos:/home/nvidia/ros2_ws/install/rby1_nva_description:/home/nvidia/ros2_ws/install/ros_gz_sim:/home/nvidia/ros2_ws/install/ros_gz_image:/home/nvidia/ros2_ws/install/ros_gz_bridge:/home/nvidia/ros2_ws/install/ros_gz_interfaces:/home/nvidia/ros2_ws/install/rby1_robot_state:/home/nvidia/ros2_ws/install/rby1_movement:/home/nvidia/ros2_ws/install/rby1_moveit_client:/home/nvidia/ros2_ws/install/rby1_base_movement:/home/nvidia/ros2_ws/install/rby1_arm_movement:/home/nvidia/ros2_ws/install/keyboard:/home/nvidia/ros2_ws/install/keyboard_msgs:/home/nvidia/ros2_ws/install/joy_linux:/home/nvidia/ros2_ws/install/apriltag:/home/nvidia/apriltag_ros2_ws/install/apriltag_ros:/home/nvidia/apriltag_ros2_ws/install/apriltag_msgs:/home/nvidia/apriltag_ros2_ws/install/apriltag:/home/nvidia/ros2_ws/src/rby1_base_movement/install/rby1_base_movement:/home/nvidia/rby1_ros2_ws/install/rby1_bringup:/home/nvidia/rby1_ros2_ws/install/rby1_moveit_config:/home/nvidia/rby1_ros2_ws/install/rby1_hardware:/home/nvidia/rby1_ros2_ws/install/rby1_description:/home/nvidia/ros2_ws/src/rby1_arm_movement/install/rby1_arm_movement:/home/nvidia/ros2_ws/src/rby1_movement/install/rby1_movement:/home/nvidia/ros2_ws/src/ros2-keyboard/keyboard/install/keyboard:/home/nvidia/ros2_ws/src/rby1_nva_description/install/rby1_nva_description:/home/nvidia/ros2_ws/install/pynput_teleop_twist_keyboard:/home/nvidia/ros2_ws/install/launch_param_builder:/home/nvidia/ros2_ws/install/keyboard_joy:/home/nvidia/apriltag_py_ros2/install/apriltag_detector:/home/nvidia/rby1_ros2_ws/install/rby1_subscriber_pkg:/home/nvidia/rby1_ros2_ws/install/rby1_mobile_control:/opt/ros/humble /usr/bin/cmake --install /home/nvidia/rby1_ros2_ws/rby1-ros2/build/rby1_moveit_config
[4.294s] Level 1:colcon.colcon_core.environment:checking '/home/nvidia/rby1_ros2_ws/rby1-ros2/install/rby1_moveit_config' for CMake config files
[4.295s] Level 1:colcon.colcon_core.shell:create_environment_hook('rby1_moveit_config', 'cmake_prefix_path')
[4.296s] INFO:colcon.colcon_core.shell:Creating environment hook '/home/nvidia/rby1_ros2_ws/rby1-ros2/install/rby1_moveit_config/share/rby1_moveit_config/hook/cmake_prefix_path.ps1'
[4.298s] INFO:colcon.colcon_core.shell:Creating environment descriptor '/home/nvidia/rby1_ros2_ws/rby1-ros2/install/rby1_moveit_config/share/rby1_moveit_config/hook/cmake_prefix_path.dsv'
[4.299s] INFO:colcon.colcon_core.shell:Creating environment hook '/home/nvidia/rby1_ros2_ws/rby1-ros2/install/rby1_moveit_config/share/rby1_moveit_config/hook/cmake_prefix_path.sh'
[4.301s] Level 1:colcon.colcon_core.environment:checking '/home/nvidia/rby1_ros2_ws/rby1-ros2/install/rby1_moveit_config/lib'
[4.301s] Level 1:colcon.colcon_core.environment:checking '/home/nvidia/rby1_ros2_ws/rby1-ros2/install/rby1_moveit_config/bin'
[4.302s] Level 1:colcon.colcon_core.environment:checking '/home/nvidia/rby1_ros2_ws/rby1-ros2/install/rby1_moveit_config/lib/pkgconfig/rby1_moveit_config.pc'
[4.302s] Level 1:colcon.colcon_core.environment:checking '/home/nvidia/rby1_ros2_ws/rby1-ros2/install/rby1_moveit_config/lib/python3.10/site-packages'
[4.303s] Level 1:colcon.colcon_core.environment:checking '/home/nvidia/rby1_ros2_ws/rby1-ros2/install/rby1_moveit_config/bin'
[4.304s] INFO:colcon.colcon_core.shell:Creating package script '/home/nvidia/rby1_ros2_ws/rby1-ros2/install/rby1_moveit_config/share/rby1_moveit_config/package.ps1'
[4.306s] INFO:colcon.colcon_core.shell:Creating package descriptor '/home/nvidia/rby1_ros2_ws/rby1-ros2/install/rby1_moveit_config/share/rby1_moveit_config/package.dsv'
[4.307s] INFO:colcon.colcon_core.shell:Creating package script '/home/nvidia/rby1_ros2_ws/rby1-ros2/install/rby1_moveit_config/share/rby1_moveit_config/package.sh'
[4.309s] INFO:colcon.colcon_core.shell:Creating package script '/home/nvidia/rby1_ros2_ws/rby1-ros2/install/rby1_moveit_config/share/rby1_moveit_config/package.bash'
[4.310s] INFO:colcon.colcon_core.shell:Creating package script '/home/nvidia/rby1_ros2_ws/rby1-ros2/install/rby1_moveit_config/share/rby1_moveit_config/package.zsh'
[4.311s] Level 1:colcon.colcon_core.environment:create_file_with_runtime_dependencies(/home/nvidia/rby1_ros2_ws/rby1-ros2/install/rby1_moveit_config/share/colcon-core/packages/rby1_moveit_config)
[4.313s] Level 1:colcon.colcon_core.environment:create_environment_scripts_only(rby1_moveit_config)
[4.314s] Level 1:colcon.colcon_core.environment:checking '/home/nvidia/rby1_ros2_ws/rby1-ros2/install/rby1_moveit_config' for CMake module files
[4.316s] Level 1:colcon.colcon_core.environment:checking '/home/nvidia/rby1_ros2_ws/rby1-ros2/install/rby1_moveit_config' for CMake config files
[4.316s] Level 1:colcon.colcon_core.shell:create_environment_hook('rby1_moveit_config', 'cmake_prefix_path')
[4.317s] INFO:colcon.colcon_core.shell:Creating environment hook '/home/nvidia/rby1_ros2_ws/rby1-ros2/install/rby1_moveit_config/share/rby1_moveit_config/hook/cmake_prefix_path.ps1'
[4.319s] INFO:colcon.colcon_core.shell:Creating environment descriptor '/home/nvidia/rby1_ros2_ws/rby1-ros2/install/rby1_moveit_config/share/rby1_moveit_config/hook/cmake_prefix_path.dsv'
[4.320s] INFO:colcon.colcon_core.shell:Creating environment hook '/home/nvidia/rby1_ros2_ws/rby1-ros2/install/rby1_moveit_config/share/rby1_moveit_config/hook/cmake_prefix_path.sh'
[4.322s] Level 1:colcon.colcon_core.environment:checking '/home/nvidia/rby1_ros2_ws/rby1-ros2/install/rby1_moveit_config/lib'
[4.322s] Level 1:colcon.colcon_core.environment:checking '/home/nvidia/rby1_ros2_ws/rby1-ros2/install/rby1_moveit_config/bin'
[4.322s] Level 1:colcon.colcon_core.environment:checking '/home/nvidia/rby1_ros2_ws/rby1-ros2/install/rby1_moveit_config/lib/pkgconfig/rby1_moveit_config.pc'
[4.323s] Level 1:colcon.colcon_core.environment:checking '/home/nvidia/rby1_ros2_ws/rby1-ros2/install/rby1_moveit_config/lib/python3.10/site-packages'
[4.324s] Level 1:colcon.colcon_core.environment:checking '/home/nvidia/rby1_ros2_ws/rby1-ros2/install/rby1_moveit_config/bin'
[4.325s] INFO:colcon.colcon_core.shell:Creating package script '/home/nvidia/rby1_ros2_ws/rby1-ros2/install/rby1_moveit_config/share/rby1_moveit_config/package.ps1'
[4.327s] INFO:colcon.colcon_core.shell:Creating package descriptor '/home/nvidia/rby1_ros2_ws/rby1-ros2/install/rby1_moveit_config/share/rby1_moveit_config/package.dsv'
[4.328s] INFO:colcon.colcon_core.shell:Creating package script '/home/nvidia/rby1_ros2_ws/rby1-ros2/install/rby1_moveit_config/share/rby1_moveit_config/package.sh'
[4.330s] INFO:colcon.colcon_core.shell:Creating package script '/home/nvidia/rby1_ros2_ws/rby1-ros2/install/rby1_moveit_config/share/rby1_moveit_config/package.bash'
[4.331s] INFO:colcon.colcon_core.shell:Creating package script '/home/nvidia/rby1_ros2_ws/rby1-ros2/install/rby1_moveit_config/share/rby1_moveit_config/package.zsh'
[4.332s] Level 1:colcon.colcon_core.environment:create_file_with_runtime_dependencies(/home/nvidia/rby1_ros2_ws/rby1-ros2/install/rby1_moveit_config/share/colcon-core/packages/rby1_moveit_config)
[4.938s] DEBUG:colcon.colcon_core.event_handler.log_command:Invoked command in '/home/nvidia/rby1_ros2_ws/rby1-ros2/build/rby1_hardware' returned '0': CMAKE_PREFIX_PATH=${CMAKE_PREFIX_PATH}:/home/nvidia/ros2_ws/install/pynput_teleop_twist_keyboard:/home/nvidia/ros2_ws/install/launch_param_builder:/home/nvidia/ros2_ws/install/keyboard_joy:/home/nvidia/apriltag_py_ros2/install/apriltag_detector:/home/nvidia/rby1_ros2_ws/install/rby1_subscriber_pkg:/home/nvidia/rby1_ros2_ws/install/rby1_mobile_control:/opt/ros/humble /usr/bin/cmake /home/nvidia/rby1_ros2_ws/rby1-ros2/rby1_hardware -DCMAKE_INSTALL_PREFIX=/home/nvidia/rby1_ros2_ws/rby1-ros2/install/rby1_hardware
[4.942s] DEBUG:colcon.colcon_core.event_handler.log_command:Invoking command in '/home/nvidia/rby1_ros2_ws/rby1-ros2/build/rby1_hardware': CMAKE_PREFIX_PATH=${CMAKE_PREFIX_PATH}:/home/nvidia/ros2_ws/install/pynput_teleop_twist_keyboard:/home/nvidia/ros2_ws/install/launch_param_builder:/home/nvidia/ros2_ws/install/keyboard_joy:/home/nvidia/apriltag_py_ros2/install/apriltag_detector:/home/nvidia/rby1_ros2_ws/install/rby1_subscriber_pkg:/home/nvidia/rby1_ros2_ws/install/rby1_mobile_control:/opt/ros/humble /usr/bin/cmake --build /home/nvidia/rby1_ros2_ws/rby1-ros2/build/rby1_hardware -- -j8 -l8
[22.378s] DEBUG:colcon.colcon_core.event_handler.log_command:Invoked command in '/home/nvidia/rby1_ros2_ws/rby1-ros2/build/rby1_hardware' returned '0': CMAKE_PREFIX_PATH=${CMAKE_PREFIX_PATH}:/home/nvidia/ros2_ws/install/pynput_teleop_twist_keyboard:/home/nvidia/ros2_ws/install/launch_param_builder:/home/nvidia/ros2_ws/install/keyboard_joy:/home/nvidia/apriltag_py_ros2/install/apriltag_detector:/home/nvidia/rby1_ros2_ws/install/rby1_subscriber_pkg:/home/nvidia/rby1_ros2_ws/install/rby1_mobile_control:/opt/ros/humble /usr/bin/cmake --build /home/nvidia/rby1_ros2_ws/rby1-ros2/build/rby1_hardware -- -j8 -l8
[22.383s] DEBUG:colcon.colcon_core.event_handler.log_command:Invoking command in '/home/nvidia/rby1_ros2_ws/rby1-ros2/build/rby1_hardware': CMAKE_PREFIX_PATH=${CMAKE_PREFIX_PATH}:/home/nvidia/ros2_ws/install/pynput_teleop_twist_keyboard:/home/nvidia/ros2_ws/install/launch_param_builder:/home/nvidia/ros2_ws/install/keyboard_joy:/home/nvidia/apriltag_py_ros2/install/apriltag_detector:/home/nvidia/rby1_ros2_ws/install/rby1_subscriber_pkg:/home/nvidia/rby1_ros2_ws/install/rby1_mobile_control:/opt/ros/humble /usr/bin/cmake --install /home/nvidia/rby1_ros2_ws/rby1-ros2/build/rby1_hardware
[22.409s] Level 1:colcon.colcon_core.environment:create_environment_scripts_only(rby1_hardware)
[22.410s] Level 1:colcon.colcon_core.environment:checking '/home/nvidia/rby1_ros2_ws/rby1-ros2/install/rby1_hardware' for CMake module files
[22.411s] DEBUG:colcon.colcon_core.event_handler.log_command:Invoked command in '/home/nvidia/rby1_ros2_ws/rby1-ros2/build/rby1_hardware' returned '0': CMAKE_PREFIX_PATH=${CMAKE_PREFIX_PATH}:/home/nvidia/ros2_ws/install/pynput_teleop_twist_keyboard:/home/nvidia/ros2_ws/install/launch_param_builder:/home/nvidia/ros2_ws/install/keyboard_joy:/home/nvidia/apriltag_py_ros2/install/apriltag_detector:/home/nvidia/rby1_ros2_ws/install/rby1_subscriber_pkg:/home/nvidia/rby1_ros2_ws/install/rby1_mobile_control:/opt/ros/humble /usr/bin/cmake --install /home/nvidia/rby1_ros2_ws/rby1-ros2/build/rby1_hardware
[22.412s] Level 1:colcon.colcon_core.environment:checking '/home/nvidia/rby1_ros2_ws/rby1-ros2/install/rby1_hardware' for CMake config files
[22.413s] Level 1:colcon.colcon_core.shell:create_environment_hook('rby1_hardware', 'cmake_prefix_path')
[22.414s] INFO:colcon.colcon_core.shell:Creating environment hook '/home/nvidia/rby1_ros2_ws/rby1-ros2/install/rby1_hardware/share/rby1_hardware/hook/cmake_prefix_path.ps1'
[22.416s] INFO:colcon.colcon_core.shell:Creating environment descriptor '/home/nvidia/rby1_ros2_ws/rby1-ros2/install/rby1_hardware/share/rby1_hardware/hook/cmake_prefix_path.dsv'
[22.418s] INFO:colcon.colcon_core.shell:Creating environment hook '/home/nvidia/rby1_ros2_ws/rby1-ros2/install/rby1_hardware/share/rby1_hardware/hook/cmake_prefix_path.sh'
[22.420s] Level 1:colcon.colcon_core.environment:checking '/home/nvidia/rby1_ros2_ws/rby1-ros2/install/rby1_hardware/lib'
[22.420s] Level 1:colcon.colcon_core.shell:create_environment_hook('rby1_hardware', 'ld_library_path_lib')
[22.421s] INFO:colcon.colcon_core.shell:Creating environment hook '/home/nvidia/rby1_ros2_ws/rby1-ros2/install/rby1_hardware/share/rby1_hardware/hook/ld_library_path_lib.ps1'
[22.422s] INFO:colcon.colcon_core.shell:Creating environment descriptor '/home/nvidia/rby1_ros2_ws/rby1-ros2/install/rby1_hardware/share/rby1_hardware/hook/ld_library_path_lib.dsv'
[22.424s] INFO:colcon.colcon_core.shell:Creating environment hook '/home/nvidia/rby1_ros2_ws/rby1-ros2/install/rby1_hardware/share/rby1_hardware/hook/ld_library_path_lib.sh'
[22.425s] Level 1:colcon.colcon_core.environment:checking '/home/nvidia/rby1_ros2_ws/rby1-ros2/install/rby1_hardware/bin'
[22.426s] Level 1:colcon.colcon_core.environment:checking '/home/nvidia/rby1_ros2_ws/rby1-ros2/install/rby1_hardware/lib/pkgconfig/rby1_hardware.pc'
[22.427s] Level 1:colcon.colcon_core.environment:checking '/home/nvidia/rby1_ros2_ws/rby1-ros2/install/rby1_hardware/lib/python3.10/site-packages'
[22.428s] Level 1:colcon.colcon_core.environment:checking '/home/nvidia/rby1_ros2_ws/rby1-ros2/install/rby1_hardware/bin'
[22.429s] INFO:colcon.colcon_core.shell:Creating package script '/home/nvidia/rby1_ros2_ws/rby1-ros2/install/rby1_hardware/share/rby1_hardware/package.ps1'
[22.431s] INFO:colcon.colcon_core.shell:Creating package descriptor '/home/nvidia/rby1_ros2_ws/rby1-ros2/install/rby1_hardware/share/rby1_hardware/package.dsv'
[22.433s] INFO:colcon.colcon_core.shell:Creating package script '/home/nvidia/rby1_ros2_ws/rby1-ros2/install/rby1_hardware/share/rby1_hardware/package.sh'
[22.434s] INFO:colcon.colcon_core.shell:Creating package script '/home/nvidia/rby1_ros2_ws/rby1-ros2/install/rby1_hardware/share/rby1_hardware/package.bash'
[22.436s] INFO:colcon.colcon_core.shell:Creating package script '/home/nvidia/rby1_ros2_ws/rby1-ros2/install/rby1_hardware/share/rby1_hardware/package.zsh'
[22.437s] Level 1:colcon.colcon_core.environment:create_file_with_runtime_dependencies(/home/nvidia/rby1_ros2_ws/rby1-ros2/install/rby1_hardware/share/colcon-core/packages/rby1_hardware)
[22.440s] Level 1:colcon.colcon_core.environment:create_environment_scripts_only(rby1_hardware)
[22.441s] Level 1:colcon.colcon_core.environment:checking '/home/nvidia/rby1_ros2_ws/rby1-ros2/install/rby1_hardware' for CMake module files
[22.442s] Level 1:colcon.colcon_core.environment:checking '/home/nvidia/rby1_ros2_ws/rby1-ros2/install/rby1_hardware' for CMake config files
[22.444s] Level 1:colcon.colcon_core.shell:create_environment_hook('rby1_hardware', 'cmake_prefix_path')
[22.444s] INFO:colcon.colcon_core.shell:Creating environment hook '/home/nvidia/rby1_ros2_ws/rby1-ros2/install/rby1_hardware/share/rby1_hardware/hook/cmake_prefix_path.ps1'
[22.447s] INFO:colcon.colcon_core.shell:Creating environment descriptor '/home/nvidia/rby1_ros2_ws/rby1-ros2/install/rby1_hardware/share/rby1_hardware/hook/cmake_prefix_path.dsv'
[22.448s] INFO:colcon.colcon_core.shell:Creating environment hook '/home/nvidia/rby1_ros2_ws/rby1-ros2/install/rby1_hardware/share/rby1_hardware/hook/cmake_prefix_path.sh'
[22.451s] Level 1:colcon.colcon_core.environment:checking '/home/nvidia/rby1_ros2_ws/rby1-ros2/install/rby1_hardware/lib'
[22.451s] Level 1:colcon.colcon_core.shell:create_environment_hook('rby1_hardware', 'ld_library_path_lib')
[22.452s] INFO:colcon.colcon_core.shell:Creating environment hook '/home/nvidia/rby1_ros2_ws/rby1-ros2/install/rby1_hardware/share/rby1_hardware/hook/ld_library_path_lib.ps1'
[22.453s] INFO:colcon.colcon_core.shell:Creating environment descriptor '/home/nvidia/rby1_ros2_ws/rby1-ros2/install/rby1_hardware/share/rby1_hardware/hook/ld_library_path_lib.dsv'
[22.454s] INFO:colcon.colcon_core.shell:Creating environment hook '/home/nvidia/rby1_ros2_ws/rby1-ros2/install/rby1_hardware/share/rby1_hardware/hook/ld_library_path_lib.sh'
[22.456s] Level 1:colcon.colcon_core.environment:checking '/home/nvidia/rby1_ros2_ws/rby1-ros2/install/rby1_hardware/bin'
[22.456s] Level 1:colcon.colcon_core.environment:checking '/home/nvidia/rby1_ros2_ws/rby1-ros2/install/rby1_hardware/lib/pkgconfig/rby1_hardware.pc'
[22.457s] Level 1:colcon.colcon_core.environment:checking '/home/nvidia/rby1_ros2_ws/rby1-ros2/install/rby1_hardware/lib/python3.10/site-packages'
[22.458s] Level 1:colcon.colcon_core.environment:checking '/home/nvidia/rby1_ros2_ws/rby1-ros2/install/rby1_hardware/bin'
[22.459s] INFO:colcon.colcon_core.shell:Creating package script '/home/nvidia/rby1_ros2_ws/rby1-ros2/install/rby1_hardware/share/rby1_hardware/package.ps1'
[22.461s] INFO:colcon.colcon_core.shell:Creating package descriptor '/home/nvidia/rby1_ros2_ws/rby1-ros2/install/rby1_hardware/share/rby1_hardware/package.dsv'
[22.463s] INFO:colcon.colcon_core.shell:Creating package script '/home/nvidia/rby1_ros2_ws/rby1-ros2/install/rby1_hardware/share/rby1_hardware/package.sh'
[22.464s] INFO:colcon.colcon_core.shell:Creating package script '/home/nvidia/rby1_ros2_ws/rby1-ros2/install/rby1_hardware/share/rby1_hardware/package.bash'
[22.466s] INFO:colcon.colcon_core.shell:Creating package script '/home/nvidia/rby1_ros2_ws/rby1-ros2/install/rby1_hardware/share/rby1_hardware/package.zsh'
[22.467s] Level 1:colcon.colcon_core.environment:create_file_with_runtime_dependencies(/home/nvidia/rby1_ros2_ws/rby1-ros2/install/rby1_hardware/share/colcon-core/packages/rby1_hardware)
[22.469s] INFO:colcon.colcon_ros.task.ament_cmake.build:Building ROS package in '/home/nvidia/rby1_ros2_ws/rby1-ros2/rby1_bringup' with build type 'ament_cmake'
[22.469s] INFO:colcon.colcon_cmake.task.cmake.build:Building CMake package in '/home/nvidia/rby1_ros2_ws/rby1-ros2/rby1_bringup'
[22.470s] INFO:colcon.colcon_core.shell:Skip shell extension 'powershell' for command environment: Not usable outside of PowerShell
[22.471s] DEBUG:colcon.colcon_core.shell:Skip shell extension 'dsv' for command environment
[22.529s] DEBUG:colcon.colcon_core.event_handler.log_command:Invoking command in '/home/nvidia/rby1_ros2_ws/rby1-ros2/build/rby1_bringup': AMENT_PREFIX_PATH=/home/nvidia/rby1_ros2_ws/rby1-ros2/install/rby1_moveit_config:/home/nvidia/rby1_ros2_ws/rby1-ros2/install/rby1_hardware:/home/nvidia/rby1_ros2_ws/rby1-ros2/install/rby1_description:${AMENT_PREFIX_PATH} CMAKE_PREFIX_PATH=/home/nvidia/rby1_ros2_ws/rby1-ros2/install/rby1_moveit_config:/home/nvidia/rby1_ros2_ws/rby1-ros2/install/rby1_hardware:/home/nvidia/rby1_ros2_ws/rby1-ros2/install/rby1_description:/home/nvidia/lidar_merger_ws/install/multi-laserscan-toolbox-ros2:/home/nvidia/lidar_ws/src/install/lakibeam1:/home/nvidia/ros2_ws/install/zed_ros2:/home/nvidia/ros2_ws/install/zed_wrapper:/home/nvidia/ros2_ws/install/zed_components:/home/nvidia/ros2_ws/install/wiimote:/home/nvidia/ros2_ws/install/wiimote_msgs:/home/nvidia/ros2_ws/install/test_ros_gz_bridge:/home/nvidia/ros2_ws/install/tcp_tunnel:/home/nvidia/ros2_ws/install/srdfdom:/home/nvidia/ros2_ws/install/spacenav:/home/nvidia/ros2_ws/install/joy:/home/nvidia/ros2_ws/install/sdl2_vendor:/home/nvidia/ros2_ws/install/rosparam_shortcuts:/home/nvidia/ros2_ws/install/ros_ign_interfaces:/home/nvidia/ros2_ws/install/ros_ign:/home/nvidia/ros2_ws/install/ros_ign_image:/home/nvidia/ros2_ws/install/ros_ign_gazebo_demos:/home/nvidia/ros2_ws/install/ros_ign_gazebo:/home/nvidia/ros2_ws/install/ros_ign_bridge:/home/nvidia/ros2_ws/install/ros_gz:/home/nvidia/ros2_ws/install/ros_gz_sim_demos:/home/nvidia/ros2_ws/install/rby1_nva_description:/home/nvidia/ros2_ws/install/ros_gz_sim:/home/nvidia/ros2_ws/install/ros_gz_image:/home/nvidia/ros2_ws/install/ros_gz_bridge:/home/nvidia/ros2_ws/install/ros_gz_interfaces:/home/nvidia/ros2_ws/install/rby1_robot_state:/home/nvidia/ros2_ws/install/rby1_movement:/home/nvidia/ros2_ws/install/rby1_moveit_client:/home/nvidia/ros2_ws/install/rby1_base_movement:/home/nvidia/ros2_ws/install/rby1_arm_movement:/home/nvidia/ros2_ws/install/keyboard:/home/nvidia/ros2_ws/install/keyboard_msgs:/home/nvidia/ros2_ws/install/joy_linux:/home/nvidia/ros2_ws/install/apriltag:/home/nvidia/apriltag_ros2_ws/install/apriltag_ros:/home/nvidia/apriltag_ros2_ws/install/apriltag_msgs:/home/nvidia/apriltag_ros2_ws/install/apriltag:/home/nvidia/ros2_ws/src/rby1_base_movement/install/rby1_base_movement:/home/nvidia/rby1_ros2_ws/install/rby1_bringup:/home/nvidia/rby1_ros2_ws/install/rby1_moveit_config:/home/nvidia/rby1_ros2_ws/install/rby1_hardware:/home/nvidia/rby1_ros2_ws/install/rby1_description:/home/nvidia/ros2_ws/src/rby1_arm_movement/install/rby1_arm_movement:/home/nvidia/ros2_ws/src/rby1_movement/install/rby1_movement:/home/nvidia/ros2_ws/src/ros2-keyboard/keyboard/install/keyboard:/home/nvidia/ros2_ws/src/rby1_nva_description/install/rby1_nva_description:/home/nvidia/ros2_ws/install/pynput_teleop_twist_keyboard:/home/nvidia/ros2_ws/install/launch_param_builder:/home/nvidia/ros2_ws/install/keyboard_joy:/home/nvidia/apriltag_py_ros2/install/apriltag_detector:/home/nvidia/rby1_ros2_ws/install/rby1_subscriber_pkg:/home/nvidia/rby1_ros2_ws/install/rby1_mobile_control:/opt/ros/humble LD_LIBRARY_PATH=/home/nvidia/rby1_ros2_ws/rby1-ros2/install/rby1_hardware/lib:${LD_LIBRARY_PATH} /usr/bin/cmake /home/nvidia/rby1_ros2_ws/rby1-ros2/rby1_bringup -DCMAKE_INSTALL_PREFIX=/home/nvidia/rby1_ros2_ws/rby1-ros2/install/rby1_bringup
[26.818s] DEBUG:colcon.colcon_core.event_handler.log_command:Invoked command in '/home/nvidia/rby1_ros2_ws/rby1-ros2/build/rby1_bringup' returned '0': AMENT_PREFIX_PATH=/home/nvidia/rby1_ros2_ws/rby1-ros2/install/rby1_moveit_config:/home/nvidia/rby1_ros2_ws/rby1-ros2/install/rby1_hardware:/home/nvidia/rby1_ros2_ws/rby1-ros2/install/rby1_description:${AMENT_PREFIX_PATH} CMAKE_PREFIX_PATH=/home/nvidia/rby1_ros2_ws/rby1-ros2/install/rby1_moveit_config:/home/nvidia/rby1_ros2_ws/rby1-ros2/install/rby1_hardware:/home/nvidia/rby1_ros2_ws/rby1-ros2/install/rby1_description:/home/nvidia/lidar_merger_ws/install/multi-laserscan-toolbox-ros2:/home/nvidia/lidar_ws/src/install/lakibeam1:/home/nvidia/ros2_ws/install/zed_ros2:/home/nvidia/ros2_ws/install/zed_wrapper:/home/nvidia/ros2_ws/install/zed_components:/home/nvidia/ros2_ws/install/wiimote:/home/nvidia/ros2_ws/install/wiimote_msgs:/home/nvidia/ros2_ws/install/test_ros_gz_bridge:/home/nvidia/ros2_ws/install/tcp_tunnel:/home/nvidia/ros2_ws/install/srdfdom:/home/nvidia/ros2_ws/install/spacenav:/home/nvidia/ros2_ws/install/joy:/home/nvidia/ros2_ws/install/sdl2_vendor:/home/nvidia/ros2_ws/install/rosparam_shortcuts:/home/nvidia/ros2_ws/install/ros_ign_interfaces:/home/nvidia/ros2_ws/install/ros_ign:/home/nvidia/ros2_ws/install/ros_ign_image:/home/nvidia/ros2_ws/install/ros_ign_gazebo_demos:/home/nvidia/ros2_ws/install/ros_ign_gazebo:/home/nvidia/ros2_ws/install/ros_ign_bridge:/home/nvidia/ros2_ws/install/ros_gz:/home/nvidia/ros2_ws/install/ros_gz_sim_demos:/home/nvidia/ros2_ws/install/rby1_nva_description:/home/nvidia/ros2_ws/install/ros_gz_sim:/home/nvidia/ros2_ws/install/ros_gz_image:/home/nvidia/ros2_ws/install/ros_gz_bridge:/home/nvidia/ros2_ws/install/ros_gz_interfaces:/home/nvidia/ros2_ws/install/rby1_robot_state:/home/nvidia/ros2_ws/install/rby1_movement:/home/nvidia/ros2_ws/install/rby1_moveit_client:/home/nvidia/ros2_ws/install/rby1_base_movement:/home/nvidia/ros2_ws/install/rby1_arm_movement:/home/nvidia/ros2_ws/install/keyboard:/home/nvidia/ros2_ws/install/keyboard_msgs:/home/nvidia/ros2_ws/install/joy_linux:/home/nvidia/ros2_ws/install/apriltag:/home/nvidia/apriltag_ros2_ws/install/apriltag_ros:/home/nvidia/apriltag_ros2_ws/install/apriltag_msgs:/home/nvidia/apriltag_ros2_ws/install/apriltag:/home/nvidia/ros2_ws/src/rby1_base_movement/install/rby1_base_movement:/home/nvidia/rby1_ros2_ws/install/rby1_bringup:/home/nvidia/rby1_ros2_ws/install/rby1_moveit_config:/home/nvidia/rby1_ros2_ws/install/rby1_hardware:/home/nvidia/rby1_ros2_ws/install/rby1_description:/home/nvidia/ros2_ws/src/rby1_arm_movement/install/rby1_arm_movement:/home/nvidia/ros2_ws/src/rby1_movement/install/rby1_movement:/home/nvidia/ros2_ws/src/ros2-keyboard/keyboard/install/keyboard:/home/nvidia/ros2_ws/src/rby1_nva_description/install/rby1_nva_description:/home/nvidia/ros2_ws/install/pynput_teleop_twist_keyboard:/home/nvidia/ros2_ws/install/launch_param_builder:/home/nvidia/ros2_ws/install/keyboard_joy:/home/nvidia/apriltag_py_ros2/install/apriltag_detector:/home/nvidia/rby1_ros2_ws/install/rby1_subscriber_pkg:/home/nvidia/rby1_ros2_ws/install/rby1_mobile_control:/opt/ros/humble LD_LIBRARY_PATH=/home/nvidia/rby1_ros2_ws/rby1-ros2/install/rby1_hardware/lib:${LD_LIBRARY_PATH} /usr/bin/cmake /home/nvidia/rby1_ros2_ws/rby1-ros2/rby1_bringup -DCMAKE_INSTALL_PREFIX=/home/nvidia/rby1_ros2_ws/rby1-ros2/install/rby1_bringup
[26.821s] DEBUG:colcon.colcon_core.event_handler.log_command:Invoking command in '/home/nvidia/rby1_ros2_ws/rby1-ros2/build/rby1_bringup': AMENT_PREFIX_PATH=/home/nvidia/rby1_ros2_ws/rby1-ros2/install/rby1_moveit_config:/home/nvidia/rby1_ros2_ws/rby1-ros2/install/rby1_hardware:/home/nvidia/rby1_ros2_ws/rby1-ros2/install/rby1_description:${AMENT_PREFIX_PATH} CMAKE_PREFIX_PATH=/home/nvidia/rby1_ros2_ws/rby1-ros2/install/rby1_moveit_config:/home/nvidia/rby1_ros2_ws/rby1-ros2/install/rby1_hardware:/home/nvidia/rby1_ros2_ws/rby1-ros2/install/rby1_description:/home/nvidia/lidar_merger_ws/install/multi-laserscan-toolbox-ros2:/home/nvidia/lidar_ws/src/install/lakibeam1:/home/nvidia/ros2_ws/install/zed_ros2:/home/nvidia/ros2_ws/install/zed_wrapper:/home/nvidia/ros2_ws/install/zed_components:/home/nvidia/ros2_ws/install/wiimote:/home/nvidia/ros2_ws/install/wiimote_msgs:/home/nvidia/ros2_ws/install/test_ros_gz_bridge:/home/nvidia/ros2_ws/install/tcp_tunnel:/home/nvidia/ros2_ws/install/srdfdom:/home/nvidia/ros2_ws/install/spacenav:/home/nvidia/ros2_ws/install/joy:/home/nvidia/ros2_ws/install/sdl2_vendor:/home/nvidia/ros2_ws/install/rosparam_shortcuts:/home/nvidia/ros2_ws/install/ros_ign_interfaces:/home/nvidia/ros2_ws/install/ros_ign:/home/nvidia/ros2_ws/install/ros_ign_image:/home/nvidia/ros2_ws/install/ros_ign_gazebo_demos:/home/nvidia/ros2_ws/install/ros_ign_gazebo:/home/nvidia/ros2_ws/install/ros_ign_bridge:/home/nvidia/ros2_ws/install/ros_gz:/home/nvidia/ros2_ws/install/ros_gz_sim_demos:/home/nvidia/ros2_ws/install/rby1_nva_description:/home/nvidia/ros2_ws/install/ros_gz_sim:/home/nvidia/ros2_ws/install/ros_gz_image:/home/nvidia/ros2_ws/install/ros_gz_bridge:/home/nvidia/ros2_ws/install/ros_gz_interfaces:/home/nvidia/ros2_ws/install/rby1_robot_state:/home/nvidia/ros2_ws/install/rby1_movement:/home/nvidia/ros2_ws/install/rby1_moveit_client:/home/nvidia/ros2_ws/install/rby1_base_movement:/home/nvidia/ros2_ws/install/rby1_arm_movement:/home/nvidia/ros2_ws/install/keyboard:/home/nvidia/ros2_ws/install/keyboard_msgs:/home/nvidia/ros2_ws/install/joy_linux:/home/nvidia/ros2_ws/install/apriltag:/home/nvidia/apriltag_ros2_ws/install/apriltag_ros:/home/nvidia/apriltag_ros2_ws/install/apriltag_msgs:/home/nvidia/apriltag_ros2_ws/install/apriltag:/home/nvidia/ros2_ws/src/rby1_base_movement/install/rby1_base_movement:/home/nvidia/rby1_ros2_ws/install/rby1_bringup:/home/nvidia/rby1_ros2_ws/install/rby1_moveit_config:/home/nvidia/rby1_ros2_ws/install/rby1_hardware:/home/nvidia/rby1_ros2_ws/install/rby1_description:/home/nvidia/ros2_ws/src/rby1_arm_movement/install/rby1_arm_movement:/home/nvidia/ros2_ws/src/rby1_movement/install/rby1_movement:/home/nvidia/ros2_ws/src/ros2-keyboard/keyboard/install/keyboard:/home/nvidia/ros2_ws/src/rby1_nva_description/install/rby1_nva_description:/home/nvidia/ros2_ws/install/pynput_teleop_twist_keyboard:/home/nvidia/ros2_ws/install/launch_param_builder:/home/nvidia/ros2_ws/install/keyboard_joy:/home/nvidia/apriltag_py_ros2/install/apriltag_detector:/home/nvidia/rby1_ros2_ws/install/rby1_subscriber_pkg:/home/nvidia/rby1_ros2_ws/install/rby1_mobile_control:/opt/ros/humble LD_LIBRARY_PATH=/home/nvidia/rby1_ros2_ws/rby1-ros2/install/rby1_hardware/lib:${LD_LIBRARY_PATH} /usr/bin/cmake --build /home/nvidia/rby1_ros2_ws/rby1-ros2/build/rby1_bringup -- -j8 -l8
[26.884s] DEBUG:colcon.colcon_core.event_handler.log_command:Invoked command in '/home/nvidia/rby1_ros2_ws/rby1-ros2/build/rby1_bringup' returned '0': AMENT_PREFIX_PATH=/home/nvidia/rby1_ros2_ws/rby1-ros2/install/rby1_moveit_config:/home/nvidia/rby1_ros2_ws/rby1-ros2/install/rby1_hardware:/home/nvidia/rby1_ros2_ws/rby1-ros2/install/rby1_description:${AMENT_PREFIX_PATH} CMAKE_PREFIX_PATH=/home/nvidia/rby1_ros2_ws/rby1-ros2/install/rby1_moveit_config:/home/nvidia/rby1_ros2_ws/rby1-ros2/install/rby1_hardware:/home/nvidia/rby1_ros2_ws/rby1-ros2/install/rby1_description:/home/nvidia/lidar_merger_ws/install/multi-laserscan-toolbox-ros2:/home/nvidia/lidar_ws/src/install/lakibeam1:/home/nvidia/ros2_ws/install/zed_ros2:/home/nvidia/ros2_ws/install/zed_wrapper:/home/nvidia/ros2_ws/install/zed_components:/home/nvidia/ros2_ws/install/wiimote:/home/nvidia/ros2_ws/install/wiimote_msgs:/home/nvidia/ros2_ws/install/test_ros_gz_bridge:/home/nvidia/ros2_ws/install/tcp_tunnel:/home/nvidia/ros2_ws/install/srdfdom:/home/nvidia/ros2_ws/install/spacenav:/home/nvidia/ros2_ws/install/joy:/home/nvidia/ros2_ws/install/sdl2_vendor:/home/nvidia/ros2_ws/install/rosparam_shortcuts:/home/nvidia/ros2_ws/install/ros_ign_interfaces:/home/nvidia/ros2_ws/install/ros_ign:/home/nvidia/ros2_ws/install/ros_ign_image:/home/nvidia/ros2_ws/install/ros_ign_gazebo_demos:/home/nvidia/ros2_ws/install/ros_ign_gazebo:/home/nvidia/ros2_ws/install/ros_ign_bridge:/home/nvidia/ros2_ws/install/ros_gz:/home/nvidia/ros2_ws/install/ros_gz_sim_demos:/home/nvidia/ros2_ws/install/rby1_nva_description:/home/nvidia/ros2_ws/install/ros_gz_sim:/home/nvidia/ros2_ws/install/ros_gz_image:/home/nvidia/ros2_ws/install/ros_gz_bridge:/home/nvidia/ros2_ws/install/ros_gz_interfaces:/home/nvidia/ros2_ws/install/rby1_robot_state:/home/nvidia/ros2_ws/install/rby1_movement:/home/nvidia/ros2_ws/install/rby1_moveit_client:/home/nvidia/ros2_ws/install/rby1_base_movement:/home/nvidia/ros2_ws/install/rby1_arm_movement:/home/nvidia/ros2_ws/install/keyboard:/home/nvidia/ros2_ws/install/keyboard_msgs:/home/nvidia/ros2_ws/install/joy_linux:/home/nvidia/ros2_ws/install/apriltag:/home/nvidia/apriltag_ros2_ws/install/apriltag_ros:/home/nvidia/apriltag_ros2_ws/install/apriltag_msgs:/home/nvidia/apriltag_ros2_ws/install/apriltag:/home/nvidia/ros2_ws/src/rby1_base_movement/install/rby1_base_movement:/home/nvidia/rby1_ros2_ws/install/rby1_bringup:/home/nvidia/rby1_ros2_ws/install/rby1_moveit_config:/home/nvidia/rby1_ros2_ws/install/rby1_hardware:/home/nvidia/rby1_ros2_ws/install/rby1_description:/home/nvidia/ros2_ws/src/rby1_arm_movement/install/rby1_arm_movement:/home/nvidia/ros2_ws/src/rby1_movement/install/rby1_movement:/home/nvidia/ros2_ws/src/ros2-keyboard/keyboard/install/keyboard:/home/nvidia/ros2_ws/src/rby1_nva_description/install/rby1_nva_description:/home/nvidia/ros2_ws/install/pynput_teleop_twist_keyboard:/home/nvidia/ros2_ws/install/launch_param_builder:/home/nvidia/ros2_ws/install/keyboard_joy:/home/nvidia/apriltag_py_ros2/install/apriltag_detector:/home/nvidia/rby1_ros2_ws/install/rby1_subscriber_pkg:/home/nvidia/rby1_ros2_ws/install/rby1_mobile_control:/opt/ros/humble LD_LIBRARY_PATH=/home/nvidia/rby1_ros2_ws/rby1-ros2/install/rby1_hardware/lib:${LD_LIBRARY_PATH} /usr/bin/cmake --build /home/nvidia/rby1_ros2_ws/rby1-ros2/build/rby1_bringup -- -j8 -l8
[26.889s] DEBUG:colcon.colcon_core.event_handler.log_command:Invoking command in '/home/nvidia/rby1_ros2_ws/rby1-ros2/build/rby1_bringup': AMENT_PREFIX_PATH=/home/nvidia/rby1_ros2_ws/rby1-ros2/install/rby1_moveit_config:/home/nvidia/rby1_ros2_ws/rby1-ros2/install/rby1_hardware:/home/nvidia/rby1_ros2_ws/rby1-ros2/install/rby1_description:${AMENT_PREFIX_PATH} CMAKE_PREFIX_PATH=/home/nvidia/rby1_ros2_ws/rby1-ros2/install/rby1_moveit_config:/home/nvidia/rby1_ros2_ws/rby1-ros2/install/rby1_hardware:/home/nvidia/rby1_ros2_ws/rby1-ros2/install/rby1_description:/home/nvidia/lidar_merger_ws/install/multi-laserscan-toolbox-ros2:/home/nvidia/lidar_ws/src/install/lakibeam1:/home/nvidia/ros2_ws/install/zed_ros2:/home/nvidia/ros2_ws/install/zed_wrapper:/home/nvidia/ros2_ws/install/zed_components:/home/nvidia/ros2_ws/install/wiimote:/home/nvidia/ros2_ws/install/wiimote_msgs:/home/nvidia/ros2_ws/install/test_ros_gz_bridge:/home/nvidia/ros2_ws/install/tcp_tunnel:/home/nvidia/ros2_ws/install/srdfdom:/home/nvidia/ros2_ws/install/spacenav:/home/nvidia/ros2_ws/install/joy:/home/nvidia/ros2_ws/install/sdl2_vendor:/home/nvidia/ros2_ws/install/rosparam_shortcuts:/home/nvidia/ros2_ws/install/ros_ign_interfaces:/home/nvidia/ros2_ws/install/ros_ign:/home/nvidia/ros2_ws/install/ros_ign_image:/home/nvidia/ros2_ws/install/ros_ign_gazebo_demos:/home/nvidia/ros2_ws/install/ros_ign_gazebo:/home/nvidia/ros2_ws/install/ros_ign_bridge:/home/nvidia/ros2_ws/install/ros_gz:/home/nvidia/ros2_ws/install/ros_gz_sim_demos:/home/nvidia/ros2_ws/install/rby1_nva_description:/home/nvidia/ros2_ws/install/ros_gz_sim:/home/nvidia/ros2_ws/install/ros_gz_image:/home/nvidia/ros2_ws/install/ros_gz_bridge:/home/nvidia/ros2_ws/install/ros_gz_interfaces:/home/nvidia/ros2_ws/install/rby1_robot_state:/home/nvidia/ros2_ws/install/rby1_movement:/home/nvidia/ros2_ws/install/rby1_moveit_client:/home/nvidia/ros2_ws/install/rby1_base_movement:/home/nvidia/ros2_ws/install/rby1_arm_movement:/home/nvidia/ros2_ws/install/keyboard:/home/nvidia/ros2_ws/install/keyboard_msgs:/home/nvidia/ros2_ws/install/joy_linux:/home/nvidia/ros2_ws/install/apriltag:/home/nvidia/apriltag_ros2_ws/install/apriltag_ros:/home/nvidia/apriltag_ros2_ws/install/apriltag_msgs:/home/nvidia/apriltag_ros2_ws/install/apriltag:/home/nvidia/ros2_ws/src/rby1_base_movement/install/rby1_base_movement:/home/nvidia/rby1_ros2_ws/install/rby1_bringup:/home/nvidia/rby1_ros2_ws/install/rby1_moveit_config:/home/nvidia/rby1_ros2_ws/install/rby1_hardware:/home/nvidia/rby1_ros2_ws/install/rby1_description:/home/nvidia/ros2_ws/src/rby1_arm_movement/install/rby1_arm_movement:/home/nvidia/ros2_ws/src/rby1_movement/install/rby1_movement:/home/nvidia/ros2_ws/src/ros2-keyboard/keyboard/install/keyboard:/home/nvidia/ros2_ws/src/rby1_nva_description/install/rby1_nva_description:/home/nvidia/ros2_ws/install/pynput_teleop_twist_keyboard:/home/nvidia/ros2_ws/install/launch_param_builder:/home/nvidia/ros2_ws/install/keyboard_joy:/home/nvidia/apriltag_py_ros2/install/apriltag_detector:/home/nvidia/rby1_ros2_ws/install/rby1_subscriber_pkg:/home/nvidia/rby1_ros2_ws/install/rby1_mobile_control:/opt/ros/humble LD_LIBRARY_PATH=/home/nvidia/rby1_ros2_ws/rby1-ros2/install/rby1_hardware/lib:${LD_LIBRARY_PATH} /usr/bin/cmake --install /home/nvidia/rby1_ros2_ws/rby1-ros2/build/rby1_bringup
[26.908s] Level 1:colcon.colcon_core.environment:create_environment_scripts_only(rby1_bringup)
[26.909s] Level 1:colcon.colcon_core.environment:checking '/home/nvidia/rby1_ros2_ws/rby1-ros2/install/rby1_bringup' for CMake module files
[26.910s] DEBUG:colcon.colcon_core.event_handler.log_command:Invoked command in '/home/nvidia/rby1_ros2_ws/rby1-ros2/build/rby1_bringup' returned '0': AMENT_PREFIX_PATH=/home/nvidia/rby1_ros2_ws/rby1-ros2/install/rby1_moveit_config:/home/nvidia/rby1_ros2_ws/rby1-ros2/install/rby1_hardware:/home/nvidia/rby1_ros2_ws/rby1-ros2/install/rby1_description:${AMENT_PREFIX_PATH} CMAKE_PREFIX_PATH=/home/nvidia/rby1_ros2_ws/rby1-ros2/install/rby1_moveit_config:/home/nvidia/rby1_ros2_ws/rby1-ros2/install/rby1_hardware:/home/nvidia/rby1_ros2_ws/rby1-ros2/install/rby1_description:/home/nvidia/lidar_merger_ws/install/multi-laserscan-toolbox-ros2:/home/nvidia/lidar_ws/src/install/lakibeam1:/home/nvidia/ros2_ws/install/zed_ros2:/home/nvidia/ros2_ws/install/zed_wrapper:/home/nvidia/ros2_ws/install/zed_components:/home/nvidia/ros2_ws/install/wiimote:/home/nvidia/ros2_ws/install/wiimote_msgs:/home/nvidia/ros2_ws/install/test_ros_gz_bridge:/home/nvidia/ros2_ws/install/tcp_tunnel:/home/nvidia/ros2_ws/install/srdfdom:/home/nvidia/ros2_ws/install/spacenav:/home/nvidia/ros2_ws/install/joy:/home/nvidia/ros2_ws/install/sdl2_vendor:/home/nvidia/ros2_ws/install/rosparam_shortcuts:/home/nvidia/ros2_ws/install/ros_ign_interfaces:/home/nvidia/ros2_ws/install/ros_ign:/home/nvidia/ros2_ws/install/ros_ign_image:/home/nvidia/ros2_ws/install/ros_ign_gazebo_demos:/home/nvidia/ros2_ws/install/ros_ign_gazebo:/home/nvidia/ros2_ws/install/ros_ign_bridge:/home/nvidia/ros2_ws/install/ros_gz:/home/nvidia/ros2_ws/install/ros_gz_sim_demos:/home/nvidia/ros2_ws/install/rby1_nva_description:/home/nvidia/ros2_ws/install/ros_gz_sim:/home/nvidia/ros2_ws/install/ros_gz_image:/home/nvidia/ros2_ws/install/ros_gz_bridge:/home/nvidia/ros2_ws/install/ros_gz_interfaces:/home/nvidia/ros2_ws/install/rby1_robot_state:/home/nvidia/ros2_ws/install/rby1_movement:/home/nvidia/ros2_ws/install/rby1_moveit_client:/home/nvidia/ros2_ws/install/rby1_base_movement:/home/nvidia/ros2_ws/install/rby1_arm_movement:/home/nvidia/ros2_ws/install/keyboard:/home/nvidia/ros2_ws/install/keyboard_msgs:/home/nvidia/ros2_ws/install/joy_linux:/home/nvidia/ros2_ws/install/apriltag:/home/nvidia/apriltag_ros2_ws/install/apriltag_ros:/home/nvidia/apriltag_ros2_ws/install/apriltag_msgs:/home/nvidia/apriltag_ros2_ws/install/apriltag:/home/nvidia/ros2_ws/src/rby1_base_movement/install/rby1_base_movement:/home/nvidia/rby1_ros2_ws/install/rby1_bringup:/home/nvidia/rby1_ros2_ws/install/rby1_moveit_config:/home/nvidia/rby1_ros2_ws/install/rby1_hardware:/home/nvidia/rby1_ros2_ws/install/rby1_description:/home/nvidia/ros2_ws/src/rby1_arm_movement/install/rby1_arm_movement:/home/nvidia/ros2_ws/src/rby1_movement/install/rby1_movement:/home/nvidia/ros2_ws/src/ros2-keyboard/keyboard/install/keyboard:/home/nvidia/ros2_ws/src/rby1_nva_description/install/rby1_nva_description:/home/nvidia/ros2_ws/install/pynput_teleop_twist_keyboard:/home/nvidia/ros2_ws/install/launch_param_builder:/home/nvidia/ros2_ws/install/keyboard_joy:/home/nvidia/apriltag_py_ros2/install/apriltag_detector:/home/nvidia/rby1_ros2_ws/install/rby1_subscriber_pkg:/home/nvidia/rby1_ros2_ws/install/rby1_mobile_control:/opt/ros/humble LD_LIBRARY_PATH=/home/nvidia/rby1_ros2_ws/rby1-ros2/install/rby1_hardware/lib:${LD_LIBRARY_PATH} /usr/bin/cmake --install /home/nvidia/rby1_ros2_ws/rby1-ros2/build/rby1_bringup
[26.912s] Level 1:colcon.colcon_core.environment:checking '/home/nvidia/rby1_ros2_ws/rby1-ros2/install/rby1_bringup' for CMake config files
[26.912s] Level 1:colcon.colcon_core.shell:create_environment_hook('rby1_bringup', 'cmake_prefix_path')
[26.913s] INFO:colcon.colcon_core.shell:Creating environment hook '/home/nvidia/rby1_ros2_ws/rby1-ros2/install/rby1_bringup/share/rby1_bringup/hook/cmake_prefix_path.ps1'
[26.915s] INFO:colcon.colcon_core.shell:Creating environment descriptor '/home/nvidia/rby1_ros2_ws/rby1-ros2/install/rby1_bringup/share/rby1_bringup/hook/cmake_prefix_path.dsv'
[26.916s] INFO:colcon.colcon_core.shell:Creating environment hook '/home/nvidia/rby1_ros2_ws/rby1-ros2/install/rby1_bringup/share/rby1_bringup/hook/cmake_prefix_path.sh'
[26.918s] Level 1:colcon.colcon_core.environment:checking '/home/nvidia/rby1_ros2_ws/rby1-ros2/install/rby1_bringup/bin'
[26.918s] Level 1:colcon.colcon_core.environment:checking '/home/nvidia/rby1_ros2_ws/rby1-ros2/install/rby1_bringup/lib/pkgconfig/rby1_bringup.pc'
[26.919s] Level 1:colcon.colcon_core.environment:checking '/home/nvidia/rby1_ros2_ws/rby1-ros2/install/rby1_bringup/lib/python3.10/site-packages'
[26.920s] Level 1:colcon.colcon_core.environment:checking '/home/nvidia/rby1_ros2_ws/rby1-ros2/install/rby1_bringup/bin'
[26.922s] INFO:colcon.colcon_core.shell:Creating package script '/home/nvidia/rby1_ros2_ws/rby1-ros2/install/rby1_bringup/share/rby1_bringup/package.ps1'
[26.923s] INFO:colcon.colcon_core.shell:Creating package descriptor '/home/nvidia/rby1_ros2_ws/rby1-ros2/install/rby1_bringup/share/rby1_bringup/package.dsv'
[26.925s] INFO:colcon.colcon_core.shell:Creating package script '/home/nvidia/rby1_ros2_ws/rby1-ros2/install/rby1_bringup/share/rby1_bringup/package.sh'
[26.927s] INFO:colcon.colcon_core.shell:Creating package script '/home/nvidia/rby1_ros2_ws/rby1-ros2/install/rby1_bringup/share/rby1_bringup/package.bash'
[26.928s] INFO:colcon.colcon_core.shell:Creating package script '/home/nvidia/rby1_ros2_ws/rby1-ros2/install/rby1_bringup/share/rby1_bringup/package.zsh'
[26.929s] Level 1:colcon.colcon_core.environment:create_file_with_runtime_dependencies(/home/nvidia/rby1_ros2_ws/rby1-ros2/install/rby1_bringup/share/colcon-core/packages/rby1_bringup)
[26.932s] Level 1:colcon.colcon_core.environment:create_environment_scripts_only(rby1_bringup)
[26.932s] Level 1:colcon.colcon_core.environment:checking '/home/nvidia/rby1_ros2_ws/rby1-ros2/install/rby1_bringup' for CMake module files
[26.934s] Level 1:colcon.colcon_core.environment:checking '/home/nvidia/rby1_ros2_ws/rby1-ros2/install/rby1_bringup' for CMake config files
[26.935s] Level 1:colcon.colcon_core.shell:create_environment_hook('rby1_bringup', 'cmake_prefix_path')
[26.936s] INFO:colcon.colcon_core.shell:Creating environment hook '/home/nvidia/rby1_ros2_ws/rby1-ros2/install/rby1_bringup/share/rby1_bringup/hook/cmake_prefix_path.ps1'
[26.937s] INFO:colcon.colcon_core.shell:Creating environment descriptor '/home/nvidia/rby1_ros2_ws/rby1-ros2/install/rby1_bringup/share/rby1_bringup/hook/cmake_prefix_path.dsv'
[26.940s] INFO:colcon.colcon_core.shell:Creating environment hook '/home/nvidia/rby1_ros2_ws/rby1-ros2/install/rby1_bringup/share/rby1_bringup/hook/cmake_prefix_path.sh'
[26.943s] Level 1:colcon.colcon_core.environment:checking '/home/nvidia/rby1_ros2_ws/rby1-ros2/install/rby1_bringup/bin'
[26.943s] Level 1:colcon.colcon_core.environment:checking '/home/nvidia/rby1_ros2_ws/rby1-ros2/install/rby1_bringup/lib/pkgconfig/rby1_bringup.pc'
[26.944s] Level 1:colcon.colcon_core.environment:checking '/home/nvidia/rby1_ros2_ws/rby1-ros2/install/rby1_bringup/lib/python3.10/site-packages'
[26.944s] Level 1:colcon.colcon_core.environment:checking '/home/nvidia/rby1_ros2_ws/rby1-ros2/install/rby1_bringup/bin'
[26.945s] INFO:colcon.colcon_core.shell:Creating package script '/home/nvidia/rby1_ros2_ws/rby1-ros2/install/rby1_bringup/share/rby1_bringup/package.ps1'
[26.947s] INFO:colcon.colcon_core.shell:Creating package descriptor '/home/nvidia/rby1_ros2_ws/rby1-ros2/install/rby1_bringup/share/rby1_bringup/package.dsv'
[26.949s] INFO:colcon.colcon_core.shell:Creating package script '/home/nvidia/rby1_ros2_ws/rby1-ros2/install/rby1_bringup/share/rby1_bringup/package.sh'
[26.950s] INFO:colcon.colcon_core.shell:Creating package script '/home/nvidia/rby1_ros2_ws/rby1-ros2/install/rby1_bringup/share/rby1_bringup/package.bash'
[26.952s] INFO:colcon.colcon_core.shell:Creating package script '/home/nvidia/rby1_ros2_ws/rby1-ros2/install/rby1_bringup/share/rby1_bringup/package.zsh'
[26.953s] Level 1:colcon.colcon_core.environment:create_file_with_runtime_dependencies(/home/nvidia/rby1_ros2_ws/rby1-ros2/install/rby1_bringup/share/colcon-core/packages/rby1_bringup)
[26.954s] DEBUG:colcon.colcon_parallel_executor.executor.parallel:closing loop
[26.955s] DEBUG:colcon.colcon_parallel_executor.executor.parallel:loop closed
[26.956s] DEBUG:colcon.colcon_parallel_executor.executor.parallel:run_until_complete finished with '0'
[26.956s] DEBUG:colcon.colcon_core.event_reactor:joining thread
[26.981s] INFO:colcon.colcon_core.plugin_system:Skipping extension 'colcon_notification.desktop_notification.terminal_notifier': Not used on non-Darwin systems
[26.981s] INFO:colcon.colcon_core.plugin_system:Skipping extension 'colcon_notification.desktop_notification.win32': Not used on non-Windows systems
[26.982s] INFO:colcon.colcon_notification.desktop_notification:Sending desktop notification using 'notify2'
[27.020s] DEBUG:colcon.colcon_core.event_reactor:joined thread
[27.021s] INFO:colcon.colcon_core.shell:Creating prefix script '/home/nvidia/rby1_ros2_ws/rby1-ros2/install/local_setup.ps1'
[27.026s] INFO:colcon.colcon_core.shell:Creating prefix util module '/home/nvidia/rby1_ros2_ws/rby1-ros2/install/_local_setup_util_ps1.py'
[27.031s] INFO:colcon.colcon_core.shell:Creating prefix chain script '/home/nvidia/rby1_ros2_ws/rby1-ros2/install/setup.ps1'
[27.045s] INFO:colcon.colcon_core.shell:Creating prefix script '/home/nvidia/rby1_ros2_ws/rby1-ros2/install/local_setup.sh'
[27.047s] INFO:colcon.colcon_core.shell:Creating prefix util module '/home/nvidia/rby1_ros2_ws/rby1-ros2/install/_local_setup_util_sh.py'
[27.050s] INFO:colcon.colcon_core.shell:Creating prefix chain script '/home/nvidia/rby1_ros2_ws/rby1-ros2/install/setup.sh'
[27.063s] INFO:colcon.colcon_core.shell:Creating prefix script '/home/nvidia/rby1_ros2_ws/rby1-ros2/install/local_setup.bash'
[27.065s] INFO:colcon.colcon_core.shell:Creating prefix chain script '/home/nvidia/rby1_ros2_ws/rby1-ros2/install/setup.bash'
[27.077s] INFO:colcon.colcon_core.shell:Creating prefix script '/home/nvidia/rby1_ros2_ws/rby1-ros2/install/local_setup.zsh'
[27.079s] INFO:colcon.colcon_core.shell:Creating prefix chain script '/home/nvidia/rby1_ros2_ws/rby1-ros2/install/setup.zsh'
